-- phpMyAdmin SQL Dump
-- version 5.2.1
-- https://www.phpmyadmin.net/
--
-- Host: 127.0.0.1
-- Generation Time: Nov 08, 2025 at 03:27 PM
-- Server version: 10.4.32-MariaDB
-- PHP Version: 8.2.12

SET SQL_MODE = "NO_AUTO_VALUE_ON_ZERO";
START TRANSACTION;
SET time_zone = "+00:00";


/*!40101 SET @OLD_CHARACTER_SET_CLIENT=@@CHARACTER_SET_CLIENT */;
/*!40101 SET @OLD_CHARACTER_SET_RESULTS=@@CHARACTER_SET_RESULTS */;
/*!40101 SET @OLD_COLLATION_CONNECTION=@@COLLATION_CONNECTION */;
/*!40101 SET NAMES utf8mb4 */;

--
-- Database: `ap3_clinic_system`
--

-- --------------------------------------------------------

--
-- Table structure for table `appointment`
--

CREATE TABLE `appointment` (
  `appt_id` int(11) NOT NULL,
  `appt_date` date NOT NULL,
  `appt_time` time NOT NULL,
  `appt_created_at` datetime NOT NULL DEFAULT current_timestamp(),
  `appt_updated_at` datetime DEFAULT current_timestamp() ON UPDATE current_timestamp(),
  `pat_id` int(11) DEFAULT NULL,
  `doc_id` int(11) DEFAULT NULL,
  `serv_id` int(11) DEFAULT NULL,
  `stat_id` int(11) DEFAULT NULL
) ENGINE=InnoDB DEFAULT CHARSET=utf8mb4 COLLATE=utf8mb4_general_ci;

--
-- Dumping data for table `appointment`
--

INSERT INTO `appointment` (`appt_id`, `appt_date`, `appt_time`, `appt_created_at`, `appt_updated_at`, `pat_id`, `doc_id`, `serv_id`, `stat_id`) VALUES
(1, '2024-02-15', '09:00:00', '2025-10-20 21:05:47', '2025-10-20 21:05:47', 1003, 1001, 2, 2),
(2, '2024-03-10', '10:30:00', '2025-10-20 21:05:47', '2025-10-20 21:05:47', 1006, 1004, 5, 2),
(3, '2024-04-05', '13:00:00', '2025-10-20 21:05:47', '2025-10-25 20:34:57', 1010, 1008, 7, 2),
(4, '2024-05-12', '14:00:00', '2025-10-20 21:05:47', '2025-10-20 21:05:47', 1015, 1012, 10, 2),
(5, '2024-06-09', '09:30:00', '2025-10-20 21:05:47', '2025-10-25 20:34:57', 1018, 1015, 3, 2),
(6, '2024-07-01', '08:30:00', '2025-10-20 21:05:47', '2025-10-20 21:05:47', 1002, 1017, 6, 2),
(7, '2024-08-20', '15:00:00', '2025-10-20 21:05:47', '2025-10-20 21:05:47', 1009, 1010, 12, 3),
(8, '2024-09-03', '11:00:00', '2025-10-20 21:05:47', '2025-10-20 21:05:47', 1013, 1005, 9, 2),
(9, '2024-10-28', '10:00:00', '2025-10-20 21:05:47', '2025-11-03 18:22:05', 1000, 1019, 14, 3),
(10, '2024-12-12', '09:00:00', '2025-10-20 21:05:47', '2025-10-25 20:34:57', 1007, 1002, 1, 2),
(11, '2023-01-25', '09:30:00', '2025-10-20 21:05:47', '2025-10-20 21:05:47', 1005, 1006, 2, 2),
(12, '2023-02-14', '10:00:00', '2025-10-20 21:05:47', '2025-10-20 21:05:47', 1008, 1003, 4, 2),
(13, '2023-03-10', '13:30:00', '2025-10-20 21:05:47', '2025-10-20 21:05:47', 1012, 1009, 7, 3),
(14, '2023-04-22', '14:30:00', '2025-10-20 21:05:47', '2025-10-20 21:05:47', 1017, 1013, 5, 2),
(15, '2023-05-05', '08:30:00', '2025-10-20 21:05:47', '2025-10-20 21:05:47', 1019, 1001, 11, 2),
(16, '2023-06-16', '10:00:00', '2025-10-20 21:05:47', '2025-10-20 21:05:47', 1001, 1010, 8, 3),
(17, '2023-07-27', '09:00:00', '2025-10-20 21:05:47', '2025-10-20 21:05:47', 1004, 1008, 3, 2),
(18, '2023-08-18', '11:30:00', '2025-10-20 21:05:47', '2025-10-25 20:34:57', 1014, 1005, 6, 2),
(19, '2023-09-09', '15:00:00', '2025-10-20 21:05:47', '2025-10-20 21:05:47', 1002, 1007, 13, 2),
(20, '2023-10-20', '10:30:00', '2025-10-20 21:05:47', '2025-10-20 21:05:47', 1006, 1004, 15, 2),
(21, '2025-10-01', '09:00:00', '2025-10-20 21:07:22', '2025-10-25 20:34:57', 1000, 1000, 1, 2),
(22, '2025-10-01', '10:00:00', '2025-10-20 21:07:22', '2025-10-25 20:34:57', 1001, 1001, 2, 2),
(23, '2025-10-02', '11:00:00', '2025-10-20 21:07:22', '2025-10-20 21:07:22', 1002, 1002, 3, 2),
(24, '2025-10-02', '09:30:00', '2025-10-20 21:07:22', '2025-10-25 20:34:57', 1003, 1003, 4, 2),
(25, '2025-10-03', '14:00:00', '2025-10-20 21:07:22', '2025-10-25 20:34:57', 1004, 1004, 5, 2),
(26, '2025-10-03', '08:30:00', '2025-10-20 21:07:22', '2025-10-20 21:07:22', 1005, 1005, 6, 2),
(27, '2025-10-04', '13:00:00', '2025-10-20 21:07:22', '2025-10-25 20:34:57', 1006, 1006, 7, 2),
(28, '2025-10-04', '10:30:00', '2025-10-20 21:07:22', '2025-10-25 20:34:57', 1007, 1007, 8, 2),
(29, '2025-10-05', '09:00:00', '2025-10-20 21:07:22', '2025-10-20 21:07:22', 1008, 1008, 9, 2),
(30, '2025-10-05', '15:00:00', '2025-10-20 21:07:22', '2025-10-25 20:34:57', 1009, 1009, 10, 2),
(31, '2025-10-06', '08:30:00', '2025-10-20 21:07:22', '2025-10-20 21:07:22', 1010, 1010, 11, 2),
(32, '2025-10-06', '10:00:00', '2025-10-20 21:07:22', '2025-10-25 20:34:57', 1011, 1011, 12, 2),
(33, '2025-10-07', '14:30:00', '2025-10-20 21:07:22', '2025-10-20 21:07:22', 1012, 1012, 13, 3),
(34, '2025-10-07', '09:00:00', '2025-10-20 21:07:22', '2025-10-25 20:34:57', 1013, 1013, 14, 2),
(35, '2025-10-08', '13:00:00', '2025-10-20 21:07:22', '2025-10-20 21:07:22', 1014, 1014, 15, 2),
(36, '2025-10-08', '08:30:00', '2025-10-20 21:07:22', '2025-10-25 20:34:57', 1015, 1015, 1, 2),
(37, '2025-10-09', '10:00:00', '2025-10-20 21:07:22', '2025-10-25 20:34:57', 1016, 1016, 2, 2),
(38, '2025-10-09', '15:00:00', '2025-10-20 21:07:22', '2025-10-20 21:07:22', 1017, 1017, 3, 2),
(39, '2025-10-10', '09:00:00', '2025-10-20 21:07:22', '2025-10-25 20:34:57', 1018, 1018, 4, 2),
(40, '2025-10-10', '10:30:00', '2025-10-20 21:07:22', '2025-10-20 21:07:22', 1019, 1019, 5, 2),
(41, '2025-10-11', '09:30:00', '2025-10-20 21:07:22', '2025-10-25 20:34:57', 1020, 1000, 6, 2),
(42, '2025-10-11', '14:00:00', '2025-10-20 21:07:22', '2025-10-25 20:34:57', 1021, 1001, 7, 2),
(43, '2025-10-12', '08:30:00', '2025-10-20 21:07:22', '2025-10-20 21:07:22', 1022, 1002, 8, 3),
(44, '2025-10-12', '09:00:00', '2025-10-20 21:07:22', '2025-10-25 20:34:57', 1023, 1003, 9, 2),
(45, '2025-10-13', '11:00:00', '2025-10-20 21:07:22', '2025-10-25 20:34:57', 1024, 1004, 10, 2),
(46, '2025-10-13', '15:00:00', '2025-10-20 21:07:22', '2025-10-20 21:07:22', 1025, 1005, 11, 2),
(47, '2025-10-14', '09:00:00', '2025-10-20 21:07:22', '2025-10-25 20:34:57', 1026, 1006, 12, 2),
(48, '2025-10-14', '10:30:00', '2025-10-20 21:07:22', '2025-10-20 21:07:22', 1027, 1007, 13, 3),
(49, '2025-10-15', '13:00:00', '2025-10-20 21:07:22', '2025-10-25 20:34:57', 1028, 1008, 14, 2),
(50, '2025-10-15', '09:30:00', '2025-10-20 21:07:22', '2025-10-20 21:07:22', 1029, 1009, 15, 2),
(51, '2025-11-01', '10:00:00', '2025-10-20 21:07:22', '2025-11-03 18:11:48', 1000, 1010, 3, 3),
(52, '2025-11-01', '11:00:00', '2025-10-20 21:07:22', '2025-11-05 11:42:24', 1001, 1011, 5, 2),
(53, '2025-11-02', '08:30:00', '2025-10-20 21:07:22', '2025-11-05 11:42:24', 1002, 1012, 6, 2),
(54, '2025-11-02', '09:00:00', '2025-10-20 21:07:22', '2025-11-05 11:42:24', 1003, 1013, 8, 2),
(55, '2025-11-03', '10:30:00', '2025-10-20 21:07:22', '2025-11-05 11:42:24', 1004, 1014, 9, 2),
(56, '2025-11-03', '14:00:00', '2025-10-20 21:07:22', '2025-11-05 11:42:24', 1005, 1015, 10, 2),
(57, '2025-11-04', '15:30:00', '2025-10-20 21:07:22', '2025-11-05 11:42:24', 1006, 1016, 11, 2),
(58, '2025-11-04', '08:30:00', '2025-10-20 21:07:22', '2025-11-05 11:42:24', 1007, 1017, 12, 2),
(59, '2025-11-05', '09:00:00', '2025-10-20 21:07:22', '2025-11-08 15:25:53', 1008, 1018, 13, 2),
(60, '2025-11-05', '13:00:00', '2025-10-20 21:07:22', '2025-11-08 15:25:53', 1009, 1019, 14, 2),
(61, '2025-11-06', '08:30:00', '2025-10-20 21:07:22', '2025-11-08 15:25:53', 1010, 1000, 15, 3),
(62, '2025-11-06', '09:00:00', '2025-10-20 21:07:22', '2025-11-08 15:25:53', 1011, 1001, 2, 2),
(63, '2025-11-07', '10:00:00', '2025-10-20 21:07:22', '2025-11-08 15:25:53', 1012, 1002, 4, 3),
(64, '2025-11-07', '11:30:00', '2025-10-20 21:07:22', '2025-11-08 15:25:53', 1013, 1003, 6, 2),
(65, '2025-11-08', '13:00:00', '2025-10-20 21:07:22', '2025-11-07 23:04:52', 1014, 1004, 7, 3),
(66, '2025-11-08', '09:30:00', '2025-10-20 21:07:22', '2025-11-08 15:25:53', 1015, 1005, 8, 3),
(67, '2025-11-09', '10:00:00', '2025-10-20 21:07:22', '2025-10-25 20:43:05', 1016, 1006, 9, 1),
(68, '2025-11-09', '15:00:00', '2025-10-20 21:07:22', '2025-10-20 21:07:22', 1017, 1007, 10, 1),
(69, '2025-11-10', '09:00:00', '2025-10-20 21:07:22', '2025-11-06 18:52:59', 1018, 1008, 11, 1),
(70, '2025-11-10', '08:30:00', '2025-10-20 21:07:22', '2025-10-20 21:07:22', 1019, 1009, 12, 1),
(71, '2024-07-01', '09:00:00', '2025-10-23 23:05:27', '2025-10-25 20:34:57', 1002, 1000, 3, 2),
(72, '2025-10-28', '10:30:00', '2025-10-28 21:30:18', '2025-11-05 11:42:24', 1010, 1000, 1, 2),
(73, '2025-11-06', '10:20:00', '2025-11-03 18:48:16', '2025-11-08 15:25:53', 1000, 1008, 11, 3),
(74, '2025-11-03', '21:20:00', '2025-11-03 18:48:34', '2025-11-05 11:42:24', 1000, 1011, 11, 2),
(75, '2025-11-05', '08:05:00', '2025-11-03 20:05:33', '2025-11-08 15:25:53', 1000, 1013, 9, 2),
(76, '2025-11-05', '13:00:00', '2025-11-05 11:11:47', '2025-11-05 11:28:01', 1000, 1000, 3, 2),
(77, '2025-11-05', '02:32:00', '2025-11-05 11:32:05', '2025-11-08 15:25:53', 1000, 1000, 13, 3),
(78, '2025-11-05', '02:32:00', '2025-11-05 11:32:20', '2025-11-07 21:09:40', 1000, 1000, 13, 3),
(79, '2025-11-13', '09:50:00', '2025-11-06 18:55:04', '2025-11-06 18:55:04', 1012, 1008, 5, 1),
(80, '2025-11-13', '12:00:00', '2025-11-07 11:58:50', '2025-11-08 15:25:53', 1000, 1007, 11, 1),
(81, '2025-11-14', '12:00:00', '2025-11-07 12:06:03', '2025-11-07 21:08:37', 1000, 1013, 9, 1),
(82, '2025-11-13', '12:00:00', '2025-11-07 12:06:25', '2025-11-08 13:39:26', 1000, 1002, 1, 1),
(83, '2025-11-10', '19:00:00', '2025-11-07 16:03:37', '2025-11-07 23:01:54', 1000, 1000, 5, 1),
(84, '2025-11-20', '09:40:00', '2025-11-07 16:40:36', '2025-11-07 21:08:26', 1000, 1007, 18, 1),
(85, '2025-11-12', '12:45:00', '2025-11-08 14:48:08', '2025-11-08 14:48:08', 1000, 1014, 10, 1),
(86, '2025-11-16', '10:00:00', '2025-11-08 14:48:08', '2025-11-08 14:48:08', 1001, 1015, 23, 1),
(87, '2025-11-18', '12:45:00', '2025-11-08 14:48:08', '2025-11-08 15:25:53', 1002, 1016, 8, 1),
(88, '2025-11-16', '08:30:00', '2025-11-08 14:48:08', '2025-11-08 14:48:08', 1003, 1009, 8, 1),
(89, '2025-11-12', '14:45:00', '2025-11-08 14:48:08', '2025-11-08 15:25:53', 1004, 1007, 20, 1),
(90, '2025-11-24', '10:15:00', '2025-11-08 14:48:08', '2025-11-08 15:25:53', 1005, 1018, 12, 1),
(91, '2025-11-18', '08:00:00', '2025-11-08 14:48:08', '2025-11-08 14:48:08', 1006, 1024, 10, 1),
(92, '2025-11-29', '10:30:00', '2025-11-08 14:48:08', '2025-11-08 14:48:08', 1007, 1001, 1, 1),
(93, '2025-11-28', '08:30:00', '2025-11-08 14:48:08', '2025-11-08 15:25:53', 1008, 1020, 6, 1),
(94, '2025-11-04', '16:00:00', '2025-11-08 14:48:08', '2025-11-08 15:25:53', 1009, 1020, 12, 3),
(95, '2025-11-16', '15:30:00', '2025-11-08 14:48:08', '2025-11-08 14:48:08', 1010, 1013, 20, 1),
(96, '2025-11-19', '13:15:00', '2025-11-08 14:48:08', '2025-11-08 15:25:53', 1011, 1010, 13, 1),
(97, '2025-11-22', '13:00:00', '2025-11-08 14:48:08', '2025-11-08 14:48:08', 1012, 1017, 26, 1),
(98, '2025-11-24', '09:45:00', '2025-11-08 14:48:08', '2025-11-08 15:25:53', 1013, 1009, 7, 1),
(99, '2025-11-03', '16:00:00', '2025-11-08 14:48:08', '2025-11-08 14:48:08', 1014, 1024, 3, 3),
(100, '2025-11-07', '11:15:00', '2025-11-08 14:48:08', '2025-11-08 14:48:08', 1015, 1026, 6, 3),
(101, '2025-11-04', '08:30:00', '2025-11-08 14:48:08', '2025-11-08 15:25:53', 1016, 1009, 13, 3),
(102, '2025-11-11', '14:45:00', '2025-11-08 14:48:08', '2025-11-08 15:25:53', 1017, 1008, 11, 1),
(103, '2025-11-04', '14:15:00', '2025-11-08 14:48:08', '2025-11-08 14:48:08', 1018, 1003, 18, 2),
(104, '2025-11-23', '09:45:00', '2025-11-08 14:48:08', '2025-11-08 14:48:08', 1019, 1020, 9, 1),
(105, '2025-11-14', '12:00:00', '2025-11-08 14:48:08', '2025-11-08 15:25:53', 1020, 1020, 4, 1),
(106, '2025-11-05', '09:00:00', '2025-11-08 14:48:08', '2025-11-08 15:25:53', 1021, 1010, 4, 2),
(107, '2025-11-29', '08:00:00', '2025-11-08 14:48:08', '2025-11-08 15:25:53', 1022, 1024, 12, 1),
(108, '2025-11-22', '08:00:00', '2025-11-08 14:48:08', '2025-11-08 14:48:08', 1023, 1012, 6, 1),
(109, '2025-11-14', '10:30:00', '2025-11-08 14:48:08', '2025-11-08 15:25:53', 1024, 1016, 22, 1),
(110, '2025-11-01', '15:00:00', '2025-11-08 14:48:08', '2025-11-08 14:48:08', 1025, 1009, 6, 2),
(111, '2025-11-24', '12:00:00', '2025-11-08 14:48:08', '2025-11-08 15:25:53', 1026, 1010, 13, 1),
(112, '2025-11-20', '09:30:00', '2025-11-08 14:48:08', '2025-11-08 14:48:08', 1027, 1003, 10, 1),
(113, '2025-11-13', '11:45:00', '2025-11-08 14:48:08', '2025-11-08 15:25:53', 1028, 1016, 18, 1),
(114, '2025-11-22', '14:15:00', '2025-11-08 14:48:08', '2025-11-08 15:25:53', 1029, 1025, 21, 1),
(115, '2025-11-21', '09:00:00', '2025-11-08 14:48:08', '2025-11-08 15:25:53', 1031, 1011, 27, 1),
(116, '2025-11-21', '13:00:00', '2025-11-08 14:48:08', '2025-11-08 14:48:08', 1032, 1004, 23, 1),
(117, '2025-11-02', '12:30:00', '2025-11-08 14:48:08', '2025-11-08 15:25:53', 1033, 1002, 6, 3),
(118, '2025-11-27', '14:30:00', '2025-11-08 14:48:08', '2025-11-08 15:25:53', 1034, 1017, 25, 1),
(119, '2025-11-04', '08:30:00', '2025-11-08 14:48:08', '2025-11-08 15:25:53', 1035, 1025, 22, 2),
(120, '2025-11-12', '09:30:00', '2025-11-08 14:48:08', '2025-11-08 15:25:53', 1036, 1010, 15, 1),
(121, '2025-11-28', '13:00:00', '2025-11-08 14:48:08', '2025-11-08 15:25:53', 1037, 1016, 24, 1),
(122, '2025-11-02', '11:15:00', '2025-11-08 14:48:08', '2025-11-08 14:48:08', 1040, 1024, 23, 3),
(123, '2025-11-28', '13:15:00', '2025-11-08 14:48:08', '2025-11-08 15:25:53', 1041, 1000, 26, 1),
(124, '2025-11-21', '08:30:00', '2025-11-08 14:48:08', '2025-11-08 14:48:08', 1042, 1026, 8, 1),
(125, '2025-11-03', '09:45:00', '2025-11-08 14:48:08', '2025-11-08 14:48:08', 1045, 1026, 15, 3),
(126, '2025-11-29', '11:15:00', '2025-11-08 14:48:08', '2025-11-08 15:25:53', 1046, 1012, 15, 1),
(127, '2025-11-28', '12:00:00', '2025-11-08 14:48:08', '2025-11-08 15:25:53', 1047, 1015, 7, 1),
(128, '2025-11-11', '11:30:00', '2025-11-08 14:48:08', '2025-11-08 14:48:08', 1048, 1001, 11, 1),
(129, '2025-11-21', '15:00:00', '2025-11-08 14:48:08', '2025-11-08 15:25:53', 1049, 1024, 26, 1),
(130, '2025-11-08', '11:15:00', '2025-11-08 14:48:08', '2025-11-08 14:48:08', 1032, 1000, 2, 2),
(131, '2025-11-07', '11:30:00', '2025-11-08 14:48:08', '2025-11-08 14:48:08', 1031, 1001, 11, 2),
(132, '2025-11-14', '12:15:00', '2025-11-08 14:48:08', '2025-11-08 14:48:08', 1022, 1002, 5, 1),
(133, '2025-11-01', '16:15:00', '2025-11-08 14:48:08', '2025-11-08 14:48:08', 1024, 1003, 19, 2),
(134, '2025-11-12', '10:30:00', '2025-11-08 14:48:08', '2025-11-08 14:48:08', 1037, 1004, 13, 1),
(135, '2025-11-21', '09:15:00', '2025-11-08 14:48:08', '2025-11-08 15:25:53', 1024, 1005, 21, 1),
(136, '2025-11-30', '14:45:00', '2025-11-08 14:48:08', '2025-11-08 14:48:08', 1017, 1006, 18, 1),
(137, '2025-11-03', '08:45:00', '2025-11-08 14:48:08', '2025-11-08 14:48:08', 1031, 1007, 24, 2),
(138, '2025-11-13', '13:00:00', '2025-11-08 14:48:08', '2025-11-08 14:48:08', 1010, 1008, 8, 1),
(139, '2025-11-24', '16:45:00', '2025-11-08 14:48:08', '2025-11-08 15:25:53', 1025, 1009, 15, 1),
(140, '2025-11-04', '13:30:00', '2025-11-08 14:48:08', '2025-11-08 14:48:08', 1027, 1010, 22, 2),
(141, '2025-11-13', '08:30:00', '2025-11-08 14:48:08', '2025-11-08 15:25:53', 1036, 1011, 4, 1),
(142, '2025-11-28', '16:30:00', '2025-11-08 14:48:08', '2025-11-08 15:25:53', 1016, 1012, 7, 1),
(143, '2025-11-18', '11:00:00', '2025-11-08 14:48:08', '2025-11-08 15:25:53', 1014, 1013, 18, 1),
(144, '2025-11-12', '12:45:00', '2025-11-08 14:50:43', '2025-11-08 15:25:53', 1041, 1014, 4, 1),
(145, '2025-11-04', '09:15:00', '2025-11-08 14:50:43', '2025-11-08 15:25:53', 1035, 1015, 1, 3),
(146, '2025-11-14', '12:00:00', '2025-11-08 14:50:43', '2025-11-08 15:25:53', 1013, 1016, 5, 1),
(147, '2025-11-21', '14:45:00', '2025-11-08 14:50:43', '2025-11-08 15:25:53', 1015, 1017, 26, 1),
(148, '2025-11-28', '13:00:00', '2025-11-08 14:50:43', '2025-11-08 14:50:43', 1049, 1018, 19, 1),
(149, '2025-11-25', '09:15:00', '2025-11-08 14:50:43', '2025-11-08 15:25:53', 1036, 1019, 3, 1),
(150, '2025-11-03', '13:45:00', '2025-11-08 14:50:43', '2025-11-08 14:50:43', 1014, 1020, 12, 2),
(151, '2025-11-30', '15:30:00', '2025-11-08 14:50:43', '2025-11-08 14:50:43', 1013, 1024, 12, 1),
(152, '2025-11-14', '12:00:00', '2025-11-08 14:50:43', '2025-11-08 15:25:53', 1025, 1025, 6, 1),
(153, '2025-11-03', '15:45:00', '2025-11-08 14:50:43', '2025-11-08 14:50:43', 1049, 1026, 20, 2),
(154, '2025-11-02', '08:45:00', '2025-11-08 14:50:43', '2025-11-08 14:50:43', 1035, 1027, 12, 2),
(155, '2025-11-11', '14:45:00', '2025-11-08 14:50:43', '2025-11-08 14:50:43', 1016, 1019, 1, 1),
(156, '2025-11-02', '15:00:00', '2025-11-08 14:50:43', '2025-11-08 15:25:53', 1020, 1016, 2, 2),
(157, '2025-11-06', '16:30:00', '2025-11-08 14:50:43', '2025-11-08 14:50:43', 1007, 1002, 3, 3),
(158, '2025-11-15', '09:00:00', '2025-11-08 14:50:43', '2025-11-08 14:50:43', 1008, 1011, 4, 1),
(159, '2025-11-12', '16:45:00', '2025-11-08 14:50:43', '2025-11-08 14:50:43', 1006, 1018, 5, 1),
(160, '2025-11-05', '08:15:00', '2025-11-08 14:50:43', '2025-11-08 14:50:43', 1004, 1001, 6, 2),
(161, '2025-11-27', '14:45:00', '2025-11-08 14:50:43', '2025-11-08 15:25:53', 1046, 1024, 7, 1),
(162, '2025-11-06', '11:15:00', '2025-11-08 14:50:43', '2025-11-08 14:50:43', 1042, 1001, 8, 2),
(163, '2025-11-17', '09:00:00', '2025-11-08 14:50:43', '2025-11-08 15:25:53', 1045, 1025, 9, 1),
(164, '2025-11-23', '16:15:00', '2025-11-08 14:50:43', '2025-11-08 14:50:43', 1005, 1012, 10, 1),
(165, '2025-11-30', '10:15:00', '2025-11-08 14:50:43', '2025-11-08 15:25:53', 1002, 1014, 11, 1),
(166, '2025-11-06', '11:15:00', '2025-11-08 14:50:43', '2025-11-08 14:50:43', 1028, 1015, 12, 2),
(167, '2025-11-16', '16:00:00', '2025-11-08 14:50:43', '2025-11-08 15:25:53', 1040, 1009, 13, 1),
(168, '2025-11-03', '15:00:00', '2025-11-08 14:50:43', '2025-11-08 15:25:53', 1001, 1019, 14, 3),
(169, '2025-11-25', '13:00:00', '2025-11-08 14:50:43', '2025-11-08 15:25:53', 1012, 1017, 15, 1),
(170, '2025-11-10', '09:15:00', '2025-11-08 14:50:43', '2025-11-08 15:25:53', 1049, 1016, 18, 1),
(171, '2025-11-17', '09:00:00', '2025-11-08 14:50:43', '2025-11-08 14:50:43', 1032, 1001, 19, 1),
(172, '2025-11-11', '15:45:00', '2025-11-08 14:50:43', '2025-11-08 15:25:53', 1014, 1011, 20, 1),
(173, '2025-11-30', '16:00:00', '2025-11-08 14:50:43', '2025-11-08 21:43:37', 1005, 1001, 21, 1),
(174, '2025-11-23', '13:00:00', '2025-11-08 14:50:43', '2025-11-08 15:25:53', 1016, 1000, 22, 1),
(175, '2025-11-14', '08:15:00', '2025-11-08 14:50:43', '2025-11-08 15:25:53', 1037, 1004, 23, 1),
(176, '2025-11-20', '16:30:00', '2025-11-08 14:50:43', '2025-11-08 15:25:53', 1037, 1018, 24, 1),
(177, '2025-11-21', '13:15:00', '2025-11-08 14:50:43', '2025-11-08 15:25:53', 1024, 1000, 25, 1),
(178, '2025-11-13', '09:00:00', '2025-11-08 14:50:43', '2025-11-08 15:25:53', 1006, 1018, 26, 1),
(179, '2025-11-16', '14:45:00', '2025-11-08 14:50:43', '2025-11-08 15:25:53', 1016, 1010, 27, 1),
(180, '2025-11-19', '10:00:00', '2025-11-08 14:50:43', '2025-11-08 14:50:43', 1046, 1020, 26, 1),
(181, '2025-11-10', '09:15:00', '2025-11-08 14:50:43', '2025-11-08 15:25:53', 1010, 1024, 13, 1),
(182, '2025-11-26', '16:30:00', '2025-11-08 14:50:43', '2025-11-08 15:25:53', 1017, 1008, 27, 1),
(183, '2025-11-03', '08:00:00', '2025-11-08 14:50:43', '2025-11-08 14:50:43', 1032, 1026, 18, 3),
(184, '2025-11-20', '11:30:00', '2025-11-08 14:50:43', '2025-11-08 14:50:43', 1014, 1014, 8, 1),
(185, '2025-11-23', '11:30:00', '2025-11-08 14:50:43', '2025-11-08 15:25:53', 1029, 1015, 24, 1),
(186, '2025-11-25', '08:45:00', '2025-11-08 14:50:43', '2025-11-08 15:25:53', 1014, 1026, 8, 1),
(187, '2025-11-15', '08:15:00', '2025-11-08 14:50:43', '2025-11-08 14:50:43', 1020, 1025, 22, 1),
(188, '2025-11-24', '14:45:00', '2025-11-08 14:50:43', '2025-11-08 14:50:43', 1022, 1011, 19, 1),
(189, '2025-11-03', '12:45:00', '2025-11-08 14:50:43', '2025-11-08 14:50:43', 1008, 1012, 14, 2),
(190, '2025-11-26', '11:45:00', '2025-11-08 14:50:43', '2025-11-08 15:25:53', 1008, 1000, 13, 1),
(191, '2025-11-28', '13:15:00', '2025-11-08 14:50:43', '2025-11-08 15:25:53', 1019, 1008, 3, 1),
(192, '2025-11-13', '16:45:00', '2025-11-08 14:50:43', '2025-11-08 15:25:53', 1008, 1002, 21, 1),
(193, '2025-11-12', '13:45:00', '2025-11-08 14:50:43', '2025-11-08 14:50:43', 1001, 1025, 1, 1),
(194, '2025-11-20', '15:00:00', '2025-11-08 14:50:43', '2025-11-08 14:50:43', 1046, 1027, 14, 1),
(195, '2025-11-06', '16:45:00', '2025-11-08 14:50:43', '2025-11-08 15:25:53', 1032, 1024, 15, 2),
(196, '2025-11-16', '09:15:00', '2025-11-08 14:50:43', '2025-11-08 14:50:43', 1024, 1025, 7, 1),
(197, '2025-11-10', '10:45:00', '2025-11-08 14:50:43', '2025-11-08 15:25:53', 1032, 1025, 13, 1),
(198, '2025-11-13', '12:30:00', '2025-11-08 14:50:43', '2025-11-08 14:50:43', 1029, 1014, 20, 1),
(199, '2025-11-06', '13:30:00', '2025-11-08 14:50:43', '2025-11-08 14:50:43', 1029, 1007, 22, 3),
(200, '2025-11-21', '12:30:00', '2025-11-08 14:50:43', '2025-11-08 15:25:53', 1001, 1026, 6, 1),
(201, '2025-11-19', '11:10:00', '2025-11-08 22:10:18', '2025-11-08 22:10:18', 1000, 1013, 27, 1);

-- --------------------------------------------------------

--
-- Table structure for table `doctor`
--

CREATE TABLE `doctor` (
  `doc_id` int(11) NOT NULL,
  `doc_first_name` varchar(50) NOT NULL,
  `doc_last_name` varchar(50) NOT NULL,
  `doc_middle_init` char(3) DEFAULT NULL,
  `doc_contact_num` varchar(15) NOT NULL,
  `doc_email` varchar(100) NOT NULL,
  `doc_created_at` datetime NOT NULL DEFAULT current_timestamp(),
  `doc_updated_at` datetime DEFAULT current_timestamp() ON UPDATE current_timestamp(),
  `spec_id` int(11) DEFAULT NULL
) ENGINE=InnoDB DEFAULT CHARSET=utf8mb4 COLLATE=utf8mb4_general_ci;

--
-- Dumping data for table `doctor`
--

INSERT INTO `doctor` (`doc_id`, `doc_first_name`, `doc_last_name`, `doc_middle_init`, `doc_contact_num`, `doc_email`, `doc_created_at`, `doc_updated_at`, `spec_id`) VALUES
(1000, 'Maria Elena', 'Santos', 'L', '09171234567', 'maria.santos@clinicph.com', '2025-10-19 22:20:51', '2025-11-07 16:51:05', 1),
(1001, 'Jose', 'Reyes', 'A', '09183456789', 'jose.reyes@clinicph.com', '2025-10-19 22:20:51', '2025-10-19 22:20:51', 2),
(1002, 'Angela', 'Dela Cruz', 'M', '09281234567', 'angela.delacruz@clinicph.com', '2025-10-19 22:20:51', '2025-10-19 22:20:51', 3),
(1003, 'Ramon', 'Villanueva', 'C', '09194561234', 'ramon.villanueva@clinicph.com', '2025-10-19 22:20:51', '2025-10-19 22:20:51', 4),
(1004, 'Patricia', 'Lopez', 'G', '09081239876', 'patricia.lopez@clinicph.com', '2025-10-19 22:20:51', '2025-10-19 22:20:51', 5),
(1005, 'Luis', 'Gonzales', 'E', '09176543210', 'luis.gonzales@clinicph.com', '2025-10-19 22:20:51', '2025-10-19 22:20:51', 6),
(1006, 'Claudine', 'Tan', 'R', '09271239876', 'claudine.tan@clinicph.com', '2025-10-19 22:20:51', '2025-10-19 22:20:51', 7),
(1007, 'Michael', 'Chua', 'T', '09381231234', 'michael.chua@clinicph.com', '2025-10-19 22:20:51', '2025-10-19 22:20:51', 8),
(1008, 'Rica', 'Castro', 'S', '09193456789', 'rica.castro@clinicph.com', '2025-10-19 22:20:51', '2025-10-19 22:20:51', 9),
(1009, 'Victor', 'Ramos', 'D', '09281239865', 'victor.ramos@clinicph.com', '2025-10-19 22:20:51', '2025-10-19 22:20:51', 10),
(1010, 'Samantha', 'Torres', 'B', '09175678901', 'samantha.torres@clinicph.com', '2025-10-19 22:20:51', '2025-10-19 22:20:51', 11),
(1011, 'Ernesto', 'Cabrera', 'J', '09391234567', 'ernesto.cabrera@clinicph.com', '2025-10-19 22:20:51', '2025-10-19 22:20:51', 12),
(1012, 'Danica', 'Gutierrez', 'F', '09081231234', 'danica.gutierrez@clinicph.com', '2025-10-19 22:20:51', '2025-10-19 22:20:51', 13),
(1013, 'Nathan', 'Co', 'V', '09174562345', 'nathan.co@clinicph.com', '2025-10-19 22:20:51', '2025-10-19 22:20:51', 14),
(1014, 'Isabel', 'Lim', 'K', '09283456789', 'isabel.lim@clinicph.com', '2025-10-19 22:20:51', '2025-10-19 22:20:51', 15),
(1015, 'Christian', 'Rivera', 'N', '09173456781', 'christian.rivera@clinicph.com', '2025-10-19 22:20:51', '2025-10-19 22:20:51', 1),
(1016, 'Jasmine', 'Diaz', 'O', '09283451234', 'jasmine.diaz@clinicph.com', '2025-10-19 22:20:51', '2025-10-19 22:20:51', 3),
(1017, 'Rafael', 'Domingo', 'P', '09195671234', 'rafael.domingo@clinicph.com', '2025-10-19 22:20:51', '2025-10-19 22:20:51', 5),
(1018, 'Theresa', 'Manalo', 'Q', '09391237654', 'theresa.manalo@clinicph.com', '2025-10-19 22:20:51', '2025-10-19 22:20:51', 8),
(1019, 'Gabriel', 'Fernandez', 'R', '09181230987', 'gabriel.fernandez@clinicph.com', '2025-10-19 22:20:51', '2025-10-19 22:20:51', 10),
(1020, 'Jo', 'Smith', 'W', '09998669725', 'smithjo@email.com', '2025-10-21 16:05:21', '2025-10-21 16:05:21', 5),
(1024, 'Raica', 'Tavarez', 'D', '09123455556', 'raicatavz@gmail.com', '2025-11-06 18:44:39', '2025-11-06 18:45:10', 6),
(1025, 'Eunsan', 'Nam', 'R', '09887766551', 'nameunsan@gmail.com', '2025-11-07 14:26:14', '2025-11-08 13:30:00', 6),
(1026, 'Hannah', 'Montana', 'K', '09876543111', 'hannahmon@gmail.com', '2025-11-08 14:11:59', '2025-11-08 14:11:59', 2),
(1027, 'Taylor', 'Flores', 'K', '09777663451', 'taylorflores@gmail.com', '2025-11-08 14:13:11', '2025-11-08 21:44:07', 4);

-- --------------------------------------------------------

--
-- Table structure for table `medical_record`
--

CREATE TABLE `medical_record` (
  `med_rec_id` int(11) NOT NULL,
  `med_rec_diagnosis` text NOT NULL,
  `med_rec_prescription` text NOT NULL,
  `med_rec_visit_date` date NOT NULL,
  `med_rec_created_at` datetime NOT NULL DEFAULT current_timestamp(),
  `med_rec_updated_at` datetime DEFAULT current_timestamp() ON UPDATE current_timestamp(),
  `appt_id` int(11) NOT NULL
) ENGINE=InnoDB DEFAULT CHARSET=utf8mb4 COLLATE=utf8mb4_general_ci;

--
-- Dumping data for table `medical_record`
--

INSERT INTO `medical_record` (`med_rec_id`, `med_rec_diagnosis`, `med_rec_prescription`, `med_rec_visit_date`, `med_rec_created_at`, `med_rec_updated_at`, `appt_id`) VALUES
(1, 'Upper Respiratory Infection', 'Paracetamol 500mg every 6 hours as needed for fever', '2024-02-15', '2025-10-20 21:28:29', '2025-10-20 21:28:29', 1),
(2, 'Hypertension', 'Losartan 50mg once daily', '2024-03-11', '2025-10-20 21:28:29', '2025-10-20 21:28:29', 2),
(3, 'Gastroenteritis', 'Oral Rehydration Salts as needed; Loperamide 2mg if diarrhea persists', '2024-04-05', '2025-10-20 21:28:29', '2025-10-20 21:28:29', 3),
(4, 'Allergic Rhinitis', 'Cetirizine 10mg once daily', '2024-05-13', '2025-10-20 21:28:29', '2025-10-20 21:28:29', 4),
(5, 'Urinary Tract Infection', 'Ciprofloxacin 500mg twice daily for 7 days', '2024-06-09', '2025-10-20 21:28:29', '2025-10-20 21:28:29', 5),
(6, 'Migraine', 'Ibuprofen 400mg every 8 hours as needed for pain', '2024-07-02', '2025-10-20 21:28:29', '2025-10-20 21:28:29', 6),
(7, 'Anemia', 'Ferrous Sulfate 325mg once daily with meals', '2024-08-20', '2025-10-20 21:28:29', '2025-10-20 21:28:29', 7),
(8, 'Tonsillitis', 'Amoxicillin 500mg every 8 hours for 7 days', '2024-09-03', '2025-10-20 21:28:29', '2025-10-20 21:28:29', 8),
(9, 'Acute Bronchitis', 'Ambroxol 30mg three times daily; Paracetamol for fever', '2024-10-29', '2025-10-20 21:28:29', '2025-10-20 21:28:29', 9),
(10, 'General Checkup', 'Multivitamins once daily', '2024-12-12', '2025-10-20 21:28:29', '2025-10-20 21:28:29', 10),
(11, 'Seasonal Flu', 'Oseltamivir 75mg twice daily for 5 days', '2023-01-25', '2025-10-20 21:28:29', '2025-10-20 21:28:29', 11),
(12, 'Dermatitis', 'Hydrocortisone cream apply twice daily', '2023-02-14', '2025-10-20 21:28:29', '2025-10-20 21:28:29', 12),
(13, 'Asthma', 'Salbutamol inhaler as needed every 4 hours', '2023-03-10', '2025-10-20 21:28:29', '2025-10-20 21:28:29', 13),
(14, 'Diabetes Mellitus Type 2', 'Metformin 500mg twice daily', '2023-04-22', '2025-10-20 21:28:29', '2025-10-20 21:28:29', 14),
(15, 'Hyperlipidemia', 'Atorvastatin 20mg once daily', '2023-05-06', '2025-10-20 21:28:29', '2025-10-20 21:28:29', 15),
(16, 'Allergic Conjunctivitis', 'Olopatadine eye drops twice daily', '2023-06-16', '2025-10-20 21:28:29', '2025-10-20 21:28:29', 16),
(17, 'Pharyngitis', 'Azithromycin 500mg once daily for 3 days', '2023-07-27', '2025-10-20 21:28:29', '2025-10-20 21:28:29', 17),
(18, 'Back Pain', 'Mefenamic acid 500mg every 8 hours as needed', '2023-08-18', '2025-10-20 21:28:29', '2025-10-20 21:28:29', 18),
(19, 'Insomnia', 'Melatonin 3mg before bedtime', '2023-09-09', '2025-10-20 21:28:29', '2025-10-20 21:28:29', 19),
(20, 'Dysmenorrhea', 'Naproxen 500mg every 12 hours during pain', '2023-10-21', '2025-10-20 21:28:29', '2025-10-20 21:28:29', 20),
(21, 'Hypertension', 'Amlodipine 5mg once daily', '2025-10-01', '2025-10-20 21:28:29', '2025-10-20 21:28:29', 21),
(22, 'Diabetes Mellitus Type 2', 'Metformin 500mg twice daily', '2025-10-01', '2025-10-20 21:28:29', '2025-10-20 21:28:29', 22),
(23, 'Tonsillitis', 'Cefuroxime 500mg twice daily for 7 days', '2025-10-02', '2025-10-20 21:28:29', '2025-10-20 21:28:29', 23),
(24, 'Allergic Rhinitis', 'Cetirizine 10mg once daily', '2025-10-02', '2025-10-20 21:28:29', '2025-10-20 21:28:29', 24),
(25, 'Gastritis', 'Omeprazole 20mg once daily before breakfast', '2025-10-03', '2025-10-20 21:28:29', '2025-10-20 21:28:29', 25),
(26, 'Migraine', 'Sumatriptan 50mg as needed for headache', '2025-10-03', '2025-10-20 21:28:29', '2025-10-20 21:28:29', 26),
(27, 'Upper Respiratory Infection', 'Paracetamol 500mg every 6 hours as needed', '2025-10-04', '2025-10-20 21:28:29', '2025-10-20 21:28:29', 27),
(28, 'Back Pain', 'Mefenamic acid 500mg every 8 hours as needed', '2025-10-04', '2025-10-20 21:28:29', '2025-10-20 21:28:29', 28),
(29, 'UTI', 'Amoxicillin 500mg every 8 hours for 7 days', '2025-10-05', '2025-10-20 21:28:29', '2025-10-20 21:28:29', 29),
(30, 'Asthma', 'Budesonide inhaler twice daily', '2025-10-05', '2025-10-20 21:28:29', '2025-10-20 21:28:29', 30),
(31, 'General Checkup', 'Continue current medications; maintain healthy diet', '2025-10-06', '2025-10-20 21:28:29', '2025-10-20 21:28:29', 31),
(32, 'Anemia', 'Ferrous Sulfate 325mg once daily with food', '2025-10-06', '2025-10-20 21:28:29', '2025-10-20 21:28:29', 32),
(33, 'Acid Reflux', 'Pantoprazole 40mg once daily before meals', '2025-10-07', '2025-10-20 21:28:29', '2025-10-20 21:28:29', 33),
(34, 'Dermatitis', 'Topical steroid cream twice daily', '2025-10-07', '2025-10-20 21:28:29', '2025-10-20 21:28:29', 34),
(35, 'Seasonal Flu', 'Rest, fluids, and Paracetamol 500mg as needed', '2025-10-08', '2025-10-20 21:28:29', '2025-10-20 21:28:29', 35),
(36, 'Hypertension', 'Losartan 50mg once daily', '2025-10-08', '2025-10-20 21:28:29', '2025-10-20 21:28:29', 36),
(37, 'Gastroenteritis', 'ORS and probiotics as needed', '2025-10-09', '2025-10-20 21:28:29', '2025-10-20 21:28:29', 37),
(38, 'Migraine', 'Ibuprofen 400mg every 8 hours as needed', '2025-10-09', '2025-10-20 21:28:29', '2025-10-20 21:28:29', 38),
(39, 'Back Pain', 'Mefenamic acid 500mg every 8 hours as needed', '2025-10-10', '2025-10-20 21:28:29', '2025-10-20 21:28:29', 39),
(40, 'Diabetes Mellitus Type 2', 'Metformin 850mg twice daily', '2025-10-10', '2025-10-20 21:28:29', '2025-10-20 21:28:29', 40),
(41, 'Allergic Rhinitis', 'Cetirizine 10mg once daily', '2025-10-11', '2025-10-20 21:28:29', '2025-10-20 21:28:29', 41),
(42, 'UTI', 'Cefalexin 500mg every 6 hours for 7 days', '2025-10-11', '2025-10-20 21:28:29', '2025-10-20 21:28:29', 42),
(43, 'Pharyngitis', 'Azithromycin 500mg daily for 3 days', '2025-10-12', '2025-10-20 21:28:29', '2025-10-20 21:28:29', 43),
(44, 'Dermatitis', 'Hydrocortisone cream twice daily', '2025-10-12', '2025-10-20 21:28:29', '2025-10-20 21:28:29', 44),
(45, 'Gastritis', 'Omeprazole 20mg before breakfast', '2025-10-13', '2025-10-20 21:28:29', '2025-10-20 21:28:29', 45),
(46, 'Seasonal Flu', 'Oseltamivir 75mg twice daily for 5 days', '2025-10-13', '2025-10-20 21:28:29', '2025-10-20 21:28:29', 46),
(47, 'Anemia', 'Ferrous Sulfate 325mg daily', '2025-10-14', '2025-10-20 21:28:29', '2025-10-20 21:28:29', 47),
(48, 'Diabetes Mellitus Type 2', 'Metformin 500mg twice daily', '2025-10-14', '2025-10-20 21:28:29', '2025-10-20 21:28:29', 48),
(49, 'Asthma', 'Salbutamol inhaler as needed', '2025-10-15', '2025-10-20 21:28:29', '2025-10-20 21:28:29', 49),
(50, 'Allergic Conjunctivitis', 'Antihistamine eye drops twice daily', '2025-10-15', '2025-10-20 21:28:29', '2025-10-20 21:28:29', 50),
(51, 'Hypertension', 'Amlodipine 5mg once daily', '2025-11-01', '2025-10-20 21:28:29', '2025-10-20 21:28:29', 51),
(52, 'Migraine', 'Sumatriptan 50mg as needed', '2025-11-01', '2025-10-20 21:28:29', '2025-10-20 21:28:29', 52),
(53, 'Hyperlipidemia', 'Atorvastatin 20mg once daily', '2025-11-02', '2025-10-20 21:28:29', '2025-10-20 21:28:29', 53),
(54, 'Tonsillitis', 'Cefuroxime 500mg twice daily for 5 days', '2025-11-02', '2025-10-20 21:28:29', '2025-10-20 21:28:29', 54),
(55, 'Gastroenteritis', 'ORS and Hydration', '2025-11-03', '2025-10-20 21:28:29', '2025-10-20 21:28:29', 55),
(56, 'Pharyngitis', 'Azithromycin 500mg once daily for 3 days', '2025-11-03', '2025-10-20 21:28:29', '2025-10-20 21:28:29', 56),
(57, 'General Checkup', 'Continue healthy diet and exercise', '2025-11-04', '2025-10-20 21:28:29', '2025-10-20 21:28:29', 57),
(58, 'Back Pain', 'Naproxen 500mg every 12 hours as needed', '2025-11-04', '2025-10-20 21:28:29', '2025-10-20 21:28:29', 58),
(59, 'Gastritis', 'Pantoprazole 40mg once daily', '2025-11-05', '2025-10-20 21:28:29', '2025-10-20 21:28:29', 59),
(60, 'UTI', 'Ciprofloxacin 500mg twice daily for 7 days', '2025-11-05', '2025-10-20 21:28:29', '2025-10-20 21:28:29', 60),
(61, 'Allergic Rhinitis', 'Cetirizine 10mg daily', '2025-11-06', '2025-10-20 21:28:29', '2025-10-20 21:28:29', 61),
(62, 'Acne Vulgaris', 'Clindamycin topical gel twice daily', '2025-11-06', '2025-10-20 21:28:29', '2025-10-20 21:28:29', 62),
(63, 'Migraine', 'Ibuprofen 400mg every 8 hours as needed', '2025-11-07', '2025-10-20 21:28:29', '2025-10-20 21:28:29', 63),
(64, 'Hypertension', 'Losartan 50mg daily', '2025-11-07', '2025-10-20 21:28:29', '2025-10-20 21:28:29', 64),
(65, 'Seasonal Flu', 'Rest, fluids, and Paracetamol 500mg', '2025-11-08', '2025-10-20 21:28:29', '2025-11-07 23:04:22', 65),
(66, 'Gastroenteritis', 'ORS and Loperamide 2mg if diarrhea persists', '2025-11-08', '2025-10-20 21:28:29', '2025-10-20 21:28:29', 66),
(67, 'Allergic Conjunctivitis', 'Antihistamine eye drops twice daily', '2025-11-09', '2025-10-20 21:28:29', '2025-10-20 21:28:29', 67),
(68, 'Pharyngitis', 'Azithromycin 500mg daily for 3 days', '2025-11-09', '2025-10-20 21:28:29', '2025-10-20 21:28:29', 68),
(70, 'General Checkup', 'Continue prescribed medications', '2025-11-11', '2025-10-20 21:28:29', '2025-10-31 14:35:29', 70),
(72, 'Fever, Headache and Mild Cold', 'Paracetamol', '2024-02-02', '2025-10-31 14:37:28', '2025-11-06 18:46:35', 1),
(73, 'Fever and Coughing', 'Paracetamol', '2025-11-08', '2025-11-07 11:58:08', '2025-11-07 16:46:58', 41),
(74, 'Severe migraine and diarrhea', 'Strong prescribed migraine medications', '2025-10-31', '2025-11-07 16:15:47', '2025-11-07 16:16:04', 60),
(76, 'Fever with migraine', 'Paracetamol', '2025-11-08', '2025-11-08 13:48:04', '2025-11-08 13:48:04', 67),
(77, 'Gastroenteritis', 'Anti-anxiety Tablets', '2025-11-29', '2025-11-08 15:02:50', '2025-11-08 15:02:50', 71),
(78, 'Allergic Rhinitis', 'Vitamin C 1000mg', '2025-11-01', '2025-11-08 15:02:50', '2025-11-08 15:02:50', 72),
(79, 'Migraine', 'Metformin 500mg', '2025-11-23', '2025-11-08 15:02:50', '2025-11-08 15:02:50', 73),
(80, 'Common Cold', 'Topical Cream', '2025-11-06', '2025-11-08 15:02:50', '2025-11-08 15:02:50', 74),
(81, 'Common Cold', 'Antacid Tablets', '2025-11-04', '2025-11-08 15:02:50', '2025-11-08 15:02:50', 75),
(82, 'Back Pain', 'Ibuprofen 400mg', '2025-11-09', '2025-11-08 15:02:50', '2025-11-08 15:02:50', 76),
(83, 'Depression', 'Anti-anxiety Tablets', '2025-11-18', '2025-11-08 15:02:50', '2025-11-08 15:02:50', 77),
(84, 'Diabetes Mellitus', 'Cough Syrup', '2025-11-08', '2025-11-08 15:02:50', '2025-11-08 15:02:50', 78),
(85, 'Flu', 'Lisinopril 10mg', '2025-11-28', '2025-11-08 15:02:50', '2025-11-08 15:02:50', 79),
(86, 'Depression', 'Anti-anxiety Tablets', '2025-11-19', '2025-11-08 15:02:50', '2025-11-08 15:02:50', 80),
(87, 'Skin Rash', 'Metformin 500mg', '2025-11-26', '2025-11-08 15:02:50', '2025-11-08 15:02:50', 81),
(88, 'Diabetes Mellitus', 'Cough Syrup', '2025-11-10', '2025-11-08 15:02:50', '2025-11-08 15:02:50', 82),
(89, 'Common Cold', 'Antihistamine', '2025-11-20', '2025-11-08 15:02:50', '2025-11-08 15:02:50', 83),
(90, 'Common Cold', 'Ibuprofen 400mg', '2025-11-21', '2025-11-08 15:02:50', '2025-11-08 15:02:50', 84),
(91, 'Depression', 'Anti-anxiety Tablets', '2025-11-01', '2025-11-08 15:02:50', '2025-11-08 15:02:50', 85),
(92, 'Back Pain', 'Antacid Tablets', '2025-11-16', '2025-11-08 15:02:50', '2025-11-08 15:02:50', 86),
(93, 'Migraine', 'Metformin 500mg', '2025-11-21', '2025-11-08 15:02:50', '2025-11-08 15:02:50', 87),
(94, 'Flu', 'Antacid Tablets', '2025-11-03', '2025-11-08 15:02:50', '2025-11-08 15:02:50', 88),
(95, 'Common Cold', 'Eye Drops', '2025-11-16', '2025-11-08 15:02:50', '2025-11-08 15:02:50', 89),
(96, 'Anxiety', 'Metformin 500mg', '2025-11-13', '2025-11-08 15:02:50', '2025-11-08 15:02:50', 90),
(97, 'Ear Infection', 'Vitamin C 1000mg', '2025-11-13', '2025-11-08 15:02:50', '2025-11-08 15:02:50', 91),
(98, 'Migraine', 'Lisinopril 10mg', '2025-11-23', '2025-11-08 15:02:50', '2025-11-08 15:02:50', 92),
(99, 'Common Cold', 'Eye Drops', '2025-11-30', '2025-11-08 15:02:50', '2025-11-08 15:02:50', 93),
(100, 'Back Pain', 'Metformin 500mg', '2025-11-05', '2025-11-08 15:02:50', '2025-11-08 15:02:50', 94),
(101, 'Common Cold', 'Anti-anxiety Tablets', '2025-11-14', '2025-11-08 15:02:50', '2025-11-08 15:02:50', 95),
(102, 'Migraine', 'Vitamin C 1000mg', '2025-11-14', '2025-11-08 15:02:50', '2025-11-08 15:02:50', 96),
(103, 'Gastroenteritis', 'Antacid Tablets', '2025-11-29', '2025-11-08 15:02:50', '2025-11-08 15:02:50', 97),
(104, 'Ear Infection', 'Metformin 500mg', '2025-11-22', '2025-11-08 15:02:50', '2025-11-08 15:02:50', 98),
(105, 'Hypertension', 'Anti-anxiety Tablets', '2025-11-14', '2025-11-08 15:02:50', '2025-11-08 15:02:50', 99),
(106, 'Allergic Rhinitis', 'Topical Cream', '2025-11-17', '2025-11-08 15:02:50', '2025-11-08 15:02:50', 100),
(107, 'Skin Rash', 'Vitamin C 1000mg', '2025-11-12', '2025-11-08 15:02:50', '2025-11-08 15:02:50', 101),
(108, 'Migraine', 'Ibuprofen 400mg', '2025-11-28', '2025-11-08 15:02:50', '2025-11-08 15:02:50', 102),
(109, 'Diabetes Mellitus', 'Anti-anxiety Tablets', '2025-11-10', '2025-11-08 15:02:50', '2025-11-08 15:02:50', 103),
(110, 'Common Cold', 'Vitamin C 1000mg', '2025-11-03', '2025-11-08 15:02:50', '2025-11-08 15:02:50', 104),
(111, 'Migraine', 'Topical Cream', '2025-11-02', '2025-11-08 15:02:50', '2025-11-08 15:02:50', 105),
(112, 'Flu', 'Ibuprofen 400mg', '2025-11-12', '2025-11-08 15:02:50', '2025-11-08 15:02:50', 106),
(113, 'Ear Infection', 'Topical Cream', '2025-11-01', '2025-11-08 15:02:50', '2025-11-08 15:02:50', 107),
(114, 'Common Cold', 'Metformin 500mg', '2025-11-28', '2025-11-08 15:02:50', '2025-11-08 15:02:50', 108),
(115, 'Ear Infection', 'Antihistamine', '2025-11-06', '2025-11-08 15:02:50', '2025-11-08 15:02:50', 109),
(116, 'Common Cold', 'Ibuprofen 400mg', '2025-11-12', '2025-11-08 15:02:50', '2025-11-08 15:02:50', 110),
(117, 'Anxiety', 'Antihistamine', '2025-11-09', '2025-11-08 15:02:50', '2025-11-08 15:02:50', 111),
(118, 'Gastroenteritis', 'Eye Drops', '2025-11-23', '2025-11-08 15:02:50', '2025-11-08 15:02:50', 112),
(119, 'Depression', 'Eye Drops', '2025-11-05', '2025-11-08 15:02:50', '2025-11-08 15:02:50', 113),
(120, 'Skin Rash', 'Paracetamol 500mg', '2025-11-09', '2025-11-08 15:02:50', '2025-11-08 15:02:50', 114),
(121, 'Depression', 'Amoxicillin 500mg', '2025-11-20', '2025-11-08 15:02:50', '2025-11-08 15:02:50', 115),
(122, 'Hypertension', 'Lisinopril 10mg', '2025-11-25', '2025-11-08 15:02:50', '2025-11-08 15:02:50', 116),
(123, 'Gastroenteritis', 'Cough Syrup', '2025-11-01', '2025-11-08 15:02:50', '2025-11-08 15:02:50', 117),
(124, 'Gastroenteritis', 'Cough Syrup', '2025-11-30', '2025-11-08 15:02:50', '2025-11-08 15:02:50', 118),
(125, 'Gastroenteritis', 'Paracetamol 500mg', '2025-11-16', '2025-11-08 15:02:50', '2025-11-08 15:02:50', 119),
(126, 'Diabetes Mellitus', 'Antihistamine', '2025-11-01', '2025-11-08 15:02:50', '2025-11-08 15:02:50', 120),
(127, 'Allergic Rhinitis', 'Vitamin C 1000mg', '2025-11-03', '2025-11-08 15:02:50', '2025-11-08 15:02:50', 121),
(128, 'Anxiety', 'Amoxicillin 500mg', '2025-11-25', '2025-11-08 15:02:50', '2025-11-08 15:02:50', 122),
(129, 'Ear Infection', 'Metformin 500mg', '2025-11-19', '2025-11-08 15:02:50', '2025-11-08 15:02:50', 123),
(130, 'Gastroenteritis', 'Lisinopril 10mg', '2025-11-26', '2025-11-08 15:02:50', '2025-11-08 15:02:50', 124),
(131, 'Ear Infection', 'Anti-anxiety Tablets', '2025-11-06', '2025-11-08 15:02:50', '2025-11-08 15:02:50', 125),
(132, 'Gastroenteritis', 'Amoxicillin 500mg', '2025-11-07', '2025-11-08 15:02:50', '2025-11-08 15:02:50', 126),
(133, 'Anxiety', 'Eye Drops', '2025-11-20', '2025-11-08 15:02:50', '2025-11-08 15:02:50', 127),
(134, 'Depression', 'Vitamin C 1000mg', '2025-11-11', '2025-11-08 15:02:50', '2025-11-08 15:02:50', 128),
(135, 'Flu', 'Topical Cream', '2025-11-07', '2025-11-08 15:02:50', '2025-11-08 15:02:50', 129),
(136, 'Allergic Rhinitis', 'Metformin 500mg', '2025-11-12', '2025-11-08 15:02:50', '2025-11-08 15:02:50', 130),
(137, 'Migraine', 'Ibuprofen 400mg', '2025-11-27', '2025-11-08 15:02:50', '2025-11-08 15:02:50', 131),
(138, 'Gastroenteritis', 'Vitamin C 1000mg', '2025-11-18', '2025-11-08 15:02:50', '2025-11-08 15:02:50', 132),
(139, 'Migraine', 'Metformin 500mg', '2025-11-18', '2025-11-08 15:02:50', '2025-11-08 15:02:50', 133),
(140, 'Hypertension', 'Lisinopril 10mg', '2025-11-18', '2025-11-08 15:02:50', '2025-11-08 15:02:50', 134),
(141, 'Flu', 'Lisinopril 10mg', '2025-11-13', '2025-11-08 15:02:50', '2025-11-08 15:02:50', 135),
(142, 'Skin Rash', 'Eye Drops', '2025-11-10', '2025-11-08 15:02:50', '2025-11-08 15:02:50', 136),
(143, 'Ear Infection', 'Lisinopril 10mg', '2025-11-14', '2025-11-08 15:02:50', '2025-11-08 15:02:50', 137),
(144, 'Depression', 'Eye Drops', '2025-11-10', '2025-11-08 15:02:50', '2025-11-08 15:02:50', 138),
(145, 'Allergic Rhinitis', 'Ibuprofen 400mg', '2025-11-25', '2025-11-08 15:02:50', '2025-11-08 15:02:50', 139),
(146, 'Hypertension', 'Topical Cream', '2025-11-10', '2025-11-08 15:02:50', '2025-11-08 15:02:50', 140),
(147, 'Diabetes Mellitus', 'Cough Syrup', '2025-11-19', '2025-11-08 15:02:50', '2025-11-08 15:02:50', 141),
(148, 'Ear Infection', 'Paracetamol 500mg', '2025-11-21', '2025-11-08 15:02:50', '2025-11-08 15:02:50', 142),
(149, 'Migraine', 'Antihistamine', '2025-11-22', '2025-11-08 15:02:50', '2025-11-08 15:02:50', 143),
(150, 'Hypertension', 'Metformin 500mg', '2025-11-17', '2025-11-08 15:02:50', '2025-11-08 15:02:50', 144),
(151, 'Back Pain', 'Ibuprofen 400mg', '2025-11-15', '2025-11-08 15:02:50', '2025-11-08 15:02:50', 145),
(152, 'Back Pain', 'Anti-anxiety Tablets', '2025-11-21', '2025-11-08 15:02:50', '2025-11-08 15:02:50', 146),
(153, 'Depression', 'Cough Syrup', '2025-11-23', '2025-11-08 15:02:50', '2025-11-08 15:02:50', 147),
(154, 'Ear Infection', 'Metformin 500mg', '2025-11-05', '2025-11-08 15:02:50', '2025-11-08 15:02:50', 148),
(155, 'Anxiety', 'Eye Drops', '2025-11-15', '2025-11-08 15:02:50', '2025-11-08 15:02:50', 149),
(156, 'Gastroenteritis', 'Paracetamol 500mg', '2025-11-06', '2025-11-08 15:02:50', '2025-11-08 15:02:50', 150),
(157, 'Skin Rash', 'Cough Syrup', '2025-11-19', '2025-11-08 15:02:50', '2025-11-08 15:02:50', 151),
(158, 'Migraine', 'Paracetamol 500mg', '2025-11-05', '2025-11-08 15:02:50', '2025-11-08 15:02:50', 152),
(159, 'Flu', 'Eye Drops', '2025-11-08', '2025-11-08 15:02:50', '2025-11-08 15:02:50', 153),
(160, 'Migraine', 'Lisinopril 10mg', '2025-11-20', '2025-11-08 15:02:50', '2025-11-08 15:02:50', 154),
(161, 'Skin Rash', 'Antacid Tablets', '2025-11-07', '2025-11-08 15:02:50', '2025-11-08 15:02:50', 155),
(162, 'Allergic Rhinitis', 'Cough Syrup', '2025-11-25', '2025-11-08 15:02:50', '2025-11-08 15:02:50', 156),
(163, 'Ear Infection', 'Topical Cream', '2025-11-16', '2025-11-08 15:02:50', '2025-11-08 15:02:50', 157),
(164, 'Ear Infection', 'Lisinopril 10mg', '2025-11-18', '2025-11-08 15:02:50', '2025-11-08 15:02:50', 158),
(165, 'Back Pain', 'Amoxicillin 500mg', '2025-11-17', '2025-11-08 15:02:50', '2025-11-08 15:02:50', 159),
(166, 'Migraine', 'Paracetamol 500mg', '2025-11-09', '2025-11-08 15:02:50', '2025-11-08 15:02:50', 160),
(167, 'Back Pain', 'Eye Drops', '2025-11-21', '2025-11-08 15:02:50', '2025-11-08 15:02:50', 161),
(168, 'Hypertension', 'Amoxicillin 500mg', '2025-11-21', '2025-11-08 15:02:50', '2025-11-08 15:02:50', 162),
(169, 'Depression', 'Ibuprofen 400mg', '2025-11-15', '2025-11-08 15:02:50', '2025-11-08 15:02:50', 163),
(170, 'Diabetes Mellitus', 'Metformin 500mg', '2025-11-03', '2025-11-08 15:02:50', '2025-11-08 15:02:50', 164),
(171, 'Gastroenteritis', 'Topical Cream', '2025-11-21', '2025-11-08 15:02:50', '2025-11-08 15:02:50', 165),
(172, 'Allergic Rhinitis', 'Amoxicillin 500mg', '2025-11-13', '2025-11-08 15:02:50', '2025-11-08 15:02:50', 166),
(173, 'Allergic Rhinitis', 'Antihistamine', '2025-11-26', '2025-11-08 15:02:50', '2025-11-08 15:02:50', 167),
(174, 'Allergic Rhinitis', 'Paracetamol 500mg', '2025-11-06', '2025-11-08 15:02:50', '2025-11-08 15:02:50', 168),
(175, 'Anxiety', 'Metformin 500mg', '2025-11-26', '2025-11-08 15:02:50', '2025-11-08 15:02:50', 169),
(176, 'Ear Infection', 'Topical Cream', '2025-11-28', '2025-11-08 15:02:50', '2025-11-08 15:02:50', 170),
(177, 'Ear Infection', 'Anti-anxiety Tablets', '2025-11-04', '2025-11-08 15:02:50', '2025-11-08 15:02:50', 171),
(178, 'Gastroenteritis', 'Topical Cream', '2025-11-12', '2025-11-08 15:02:50', '2025-11-08 15:02:50', 172),
(179, 'Back Pain', 'Topical Cream', '2025-11-09', '2025-11-08 15:02:50', '2025-11-08 15:02:50', 173),
(180, 'Gastroenteritis', 'Paracetamol 500mg', '2025-11-19', '2025-11-08 15:02:50', '2025-11-08 15:02:50', 174),
(181, 'Gastroenteritis', 'Cough Syrup', '2025-11-11', '2025-11-08 15:02:50', '2025-11-08 15:02:50', 175),
(182, 'Skin Rash', 'Eye Drops', '2025-11-17', '2025-11-08 15:02:50', '2025-11-08 15:02:50', 176),
(183, 'Skin Rash', 'Paracetamol 500mg', '2025-11-29', '2025-11-08 15:02:50', '2025-11-08 15:02:50', 177),
(184, 'Migraine', 'Paracetamol 500mg', '2025-11-07', '2025-11-08 15:02:50', '2025-11-08 15:02:50', 178),
(185, 'Ear Infection', 'Lisinopril 10mg', '2025-11-28', '2025-11-08 15:02:50', '2025-11-08 15:02:50', 179),
(186, 'Gastroenteritis', 'Vitamin C 1000mg', '2025-11-17', '2025-11-08 15:02:50', '2025-11-08 15:02:50', 180),
(187, 'Back Pain', 'Antacid Tablets', '2025-11-19', '2025-11-08 15:02:50', '2025-11-08 15:02:50', 181),
(188, 'Allergic Rhinitis', 'Amoxicillin 500mg', '2025-11-13', '2025-11-08 15:02:50', '2025-11-08 15:02:50', 182),
(189, 'Anxiety', 'Ibuprofen 400mg', '2025-11-15', '2025-11-08 15:02:50', '2025-11-08 15:02:50', 183),
(190, 'Diabetes Mellitus', 'Amoxicillin 500mg', '2025-11-01', '2025-11-08 15:02:50', '2025-11-08 15:02:50', 184),
(191, 'Skin Rash', 'Antacid Tablets', '2025-11-23', '2025-11-08 15:02:50', '2025-11-08 15:02:50', 185),
(192, 'Flu', 'Ibuprofen 400mg', '2025-11-05', '2025-11-08 15:02:50', '2025-11-08 15:02:50', 186),
(193, 'Anxiety', 'Amoxicillin 500mg', '2025-11-12', '2025-11-08 15:02:50', '2025-11-08 15:02:50', 187),
(194, 'Flu', 'Anti-anxiety Tablets', '2025-11-11', '2025-11-08 15:02:50', '2025-11-08 15:02:50', 188),
(195, 'Anxiety', 'Eye Drops', '2025-11-13', '2025-11-08 15:02:50', '2025-11-08 15:02:50', 189),
(196, 'Diabetes Mellitus', 'Antacid Tablets', '2025-11-26', '2025-11-08 15:02:50', '2025-11-08 15:02:50', 190),
(197, 'Gastroenteritis', 'Cough Syrup', '2025-11-07', '2025-11-08 15:02:50', '2025-11-08 15:02:50', 191),
(198, 'Migraine', 'Eye Drops', '2025-11-01', '2025-11-08 15:02:50', '2025-11-08 15:02:50', 192),
(199, 'Flu', 'Paracetamol 500mg', '2025-11-11', '2025-11-08 15:02:50', '2025-11-08 15:02:50', 193),
(200, 'Flu', 'Amoxicillin 500mg', '2025-11-28', '2025-11-08 15:02:50', '2025-11-08 15:02:50', 194),
(201, 'Migraine', 'Metformin 500mg', '2025-11-15', '2025-11-08 15:02:50', '2025-11-08 15:02:50', 195),
(202, 'Gastroenteritis', 'Antacid Tablets', '2025-11-03', '2025-11-08 15:02:50', '2025-11-08 15:02:50', 196),
(203, 'Gastroenteritis', 'Eye Drops', '2025-11-18', '2025-11-08 15:02:50', '2025-11-08 15:02:50', 197),
(204, 'Anxiety', 'Metformin 500mg', '2025-11-09', '2025-11-08 15:02:50', '2025-11-08 15:02:50', 198),
(205, 'Diabetes Mellitus', 'Antacid Tablets', '2025-11-25', '2025-11-08 15:02:50', '2025-11-08 15:02:50', 199),
(206, 'Migraine', 'Lisinopril 10mg', '2025-11-29', '2025-11-08 15:02:50', '2025-11-08 15:02:50', 200);

-- --------------------------------------------------------

--
-- Table structure for table `patient`
--

CREATE TABLE `patient` (
  `pat_id` int(11) NOT NULL,
  `pat_first_name` varchar(50) NOT NULL,
  `pat_last_name` varchar(50) NOT NULL,
  `pat_middle_init` char(3) DEFAULT NULL,
  `pat_dob` date NOT NULL,
  `pat_gender` enum('Male','Female','Other','Prefer not to say') NOT NULL,
  `pat_contact_num` varchar(15) NOT NULL,
  `pat_email` varchar(100) NOT NULL,
  `pat_address` varchar(255) NOT NULL,
  `pat_created_at` datetime NOT NULL DEFAULT current_timestamp(),
  `pat_updated_at` datetime DEFAULT current_timestamp() ON UPDATE current_timestamp()
) ENGINE=InnoDB DEFAULT CHARSET=utf8mb4 COLLATE=utf8mb4_general_ci;

--
-- Dumping data for table `patient`
--

INSERT INTO `patient` (`pat_id`, `pat_first_name`, `pat_last_name`, `pat_middle_init`, `pat_dob`, `pat_gender`, `pat_contact_num`, `pat_email`, `pat_address`, `pat_created_at`, `pat_updated_at`) VALUES
(1000, 'Andrea', 'Cruz', 'L', '1998-03-15', 'Female', '09182345670', 'andrea.cruz@emailph.com', 'Mabolo, Cebu City', '2025-10-19 22:25:48', '2025-11-07 16:45:27'),
(1001, 'Miguel', 'Santos', 'R', '1987-07-22', 'Male', '09173451234', 'miguel.santos@emailph.com', 'Banilad, Cebu City', '2025-10-19 22:25:48', '2025-10-19 22:25:48'),
(1002, 'Lea', 'Villanueva', 'T', '1995-11-02', 'Female', '09283456712', 'lea.villanueva@emailph.com', 'Poblacion, Mandaue City', '2025-10-19 22:25:48', '2025-10-19 22:25:48'),
(1003, 'Carlos', 'Garcia', 'M', '2000-06-30', 'Male', '09194561235', 'carlos.garcia@emailph.com', 'Talamban, Cebu City', '2025-10-19 22:25:48', '2025-10-19 22:25:48'),
(1004, 'Beatriz', 'Dela Pea', 'S', '1992-01-25', 'Female', '09185678903', 'beatriz.delapena@emailph.com', 'Lahug, Cebu City', '2025-10-19 22:25:48', '2025-10-19 22:25:48'),
(1005, 'Ivan', 'Torres', 'E', '1989-05-13', 'Male', '09275678123', 'ivan.torres@emailph.com', 'Basak, Lapu-Lapu City', '2025-10-19 22:25:48', '2025-10-19 22:25:48'),
(1006, 'Nina', 'Ocampo', 'A', '2001-10-07', 'Female', '09181230987', 'nina.ocampo@emailph.com', 'Minglanilla, Cebu', '2025-10-19 22:25:48', '2025-10-19 22:25:48'),
(1007, 'Rafael', 'Domingo', 'V', '1997-12-19', 'Male', '09381234567', 'rafael.domingo@emailph.com', 'Guadalupe, Cebu City', '2025-10-19 22:25:48', '2025-10-19 22:25:48'),
(1008, 'Faith', 'Mendoza', 'B', '1996-04-08', 'Female', '09283459876', 'faith.mendoza@emailph.com', 'Tisa, Cebu City', '2025-10-19 22:25:48', '2025-10-19 22:25:48'),
(1009, 'Joshua', 'Reyes', 'C', '1999-02-16', 'Male', '09174569812', 'joshua.reyes@emailph.com', 'Inayawan, Cebu City', '2025-10-19 22:25:48', '2025-10-19 22:25:48'),
(1010, 'Clarisse', 'Navarro', 'N', '2002-07-27', 'Female', '09081234561', 'clarisse.navarro@emailph.com', 'Talisay City, Cebu', '2025-10-19 22:25:48', '2025-10-19 22:25:48'),
(1011, 'Ethan', 'Tan', 'J', '1994-08-21', 'Male', '09193456782', 'ethan.tan@emailph.com', 'Banawa, Cebu City', '2025-10-19 22:25:48', '2025-10-19 22:25:48'),
(1012, 'Sofia', 'Aquino', 'K', '1990-11-05', 'Female', '09273458901', 'sofia.aquino@emailph.com', 'Consolacion, Cebu', '2025-10-19 22:25:48', '2025-10-19 22:25:48'),
(1013, 'Lorenzo', 'Rivera', 'O', '1998-09-09', 'Male', '09195671234', 'lorenzo.rivera@emailph.com', 'Liloan, Cebu', '2025-10-19 22:25:48', '2025-10-19 22:25:48'),
(1014, 'Jasmine', 'Gonzales', 'P', '1993-12-02', 'Female', '09394561234', 'jasmine.gonzales@emailph.com', 'Carcar City, Cebu', '2025-10-19 22:25:48', '2025-10-19 22:25:48'),
(1015, 'Noah', 'Castillo', 'R', '2001-01-14', 'Male', '09173456123', 'noah.castillo@emailph.com', 'Colon, Cebu City', '2025-10-19 22:25:48', '2025-10-19 22:25:48'),
(1016, 'Erica', 'Lim', 'D', '1995-03-11', 'Female', '09183456789', 'erica.lim@emailph.com', 'Toledo City, Cebu', '2025-10-19 22:25:48', '2025-10-19 22:25:48'),
(1017, 'Nathaniel', 'Co', 'U', '1999-07-03', 'Male', '09281236789', 'nathaniel.co@emailph.com', 'Danao City, Cebu', '2025-10-19 22:25:48', '2025-10-19 22:25:48'),
(1018, 'Patricia', 'Vergara', 'L', '1988-02-28', 'Female', '09195672345', 'patricia.vergara@emailph.com', 'Mambaling, Cebu City', '2025-10-19 22:25:48', '2025-10-19 22:25:48'),
(1019, 'Adrian', 'Bautista', 'E', '1991-10-25', 'Male', '09274569812', 'adrian.bautista@emailph.com', 'Cansojong, Talisay City', '2025-10-19 22:25:48', '2025-10-19 22:25:48'),
(1020, 'Hannah', 'Delos Santos', 'C', '2003-04-22', 'Female', '09174562319', 'hannah.delossantos@emailph.com', 'Pardo, Cebu City', '2025-10-19 22:25:48', '2025-10-19 22:25:48'),
(1021, 'Marco', 'Torralba', 'I', '1997-06-09', 'Male', '09381235467', 'marco.torralba@emailph.com', 'Apas, Cebu City', '2025-10-19 22:25:48', '2025-10-19 22:25:48'),
(1022, 'Gwen', 'Lapuz', 'M', '1996-05-19', 'Female', '09194561230', 'gwen.lapuz@emailph.com', 'Mactan, Lapu-Lapu City', '2025-10-19 22:25:48', '2025-10-19 22:25:48'),
(1023, 'Andre', 'Fernandez', 'Q', '1994-12-18', 'Male', '09183456720', 'andre.fernandez@emailph.com', 'Lahug, Cebu City', '2025-10-19 22:25:48', '2025-10-19 22:25:48'),
(1024, 'Trixie', 'Aguilar', 'F', '1992-03-08', 'Female', '09082345671', 'trixie.aguilar@emailph.com', 'Talamban, Cebu City', '2025-10-19 22:25:48', '2025-10-19 22:25:48'),
(1025, 'Kevin', 'Ramos', 'H', '1998-08-28', 'Male', '09182345987', 'kevin.ramos@emailph.com', 'Mandaue City, Cebu', '2025-10-19 22:25:48', '2025-10-19 22:25:48'),
(1026, 'Charlene', 'Villarin', 'S', '1999-09-12', 'Female', '09273456718', 'charlene.villarin@emailph.com', 'Bulacao, Cebu City', '2025-10-19 22:25:48', '2025-10-19 22:25:48'),
(1027, 'Allan', 'Chavez', 'B', '1987-07-30', 'Male', '09173451278', 'allan.chavez@emailph.com', 'San Nicolas, Cebu City', '2025-10-19 22:25:48', '2025-10-19 22:25:48'),
(1028, 'Rina', 'Salazar', 'T', '2000-02-04', 'Female', '09193456719', 'rina.salazar@emailph.com', 'Banilad, Cebu City', '2025-10-19 22:25:48', '2025-10-19 22:25:48'),
(1029, 'Julian', 'Del Mundo', 'Y', '1993-05-17', 'Male', '09284561239', 'julian.delmundo@emailph.com', 'Talisay City, Cebu', '2025-10-19 22:25:48', '2025-10-19 22:25:48'),
(1031, 'Inigo', 'Borromeo', 'V', '2000-12-15', 'Male', '0989646312', 'borromeoinigo@email.com', 'Cebu City', '2025-10-28 17:22:04', '2025-10-28 17:22:04'),
(1032, 'Vito', 'Sartori', 'N', '2025-10-28', 'Male', '09876543413', 'vitosartori@gmail.com', 'Cebu City', '2025-10-28 17:26:07', '2025-10-28 17:26:07'),
(1033, 'Nicolai', 'Quentin', 'B', '2025-10-10', 'Male', '09123456433', 'nikolai@gmail.com', 'Cebu City', '2025-10-28 17:31:57', '2025-10-28 17:31:57'),
(1034, 'Soleil', 'Reigo', 'B', '2025-10-16', 'Female', '09867553123', 'soleilreigo@gmail.com', 'Cebu City', '2025-10-28 17:34:24', '2025-10-28 17:34:24'),
(1035, 'Assia', 'Dela Serna', 'G', '2025-10-17', 'Female', '0956847333231', 'assiadelaserna@gmail.com', 'Nueva Ecija', '2025-10-28 17:39:14', '2025-10-28 17:39:14'),
(1036, 'Sara', 'Tumulak', 'R', '2025-10-02', 'Female', '097855633212', 'saratum@gmail.com', 'Lapu-Lapu City', '2025-10-28 17:48:51', '2025-11-06 18:45:20'),
(1037, 'Caesar Alexandrovich', 'Sergeyev', 'L', '1999-12-31', 'Other', '09134568721', 'caesarlovesleewon@gmail.com', 'Moscow, Russia', '2025-11-07 12:20:58', '2025-11-07 12:20:58'),
(1040, 'Dooshik', 'Park', 'J', '1999-10-24', 'Other', '09785411134', 'dooshikgwapo@gmail.com', 'Seoul City, South Korea', '2025-11-07 12:33:51', '2025-11-07 12:33:51'),
(1041, 'Jaeyoung', 'Jang', 'A', '2000-11-02', 'Male', '097845623312', 'sangwoochuily@gmail.com', 'Seoul City, South Korea', '2025-11-07 12:40:20', '2025-11-07 12:40:20'),
(1042, 'Sangwoo', 'Chu', 'B', '1998-10-01', 'Male', '09994441121', 'sangwoochu@gmail.com', 'Seoul City, South Korea', '2025-11-07 12:42:08', '2025-11-07 23:08:36'),
(1045, 'Will John', 'Smith', 'B', '1999-12-16', 'Male', '0977745321', 'willgoat@gmail.com', 'Cebu City', '2025-11-07 14:53:11', '2025-11-08 13:30:17'),
(1046, 'Shohei', 'Ohtani', 'F', '1994-06-05', 'Male', '0955663421', 'shotani@gmail.com', 'Cebu City', '2025-11-08 14:14:50', '2025-11-08 14:14:50'),
(1047, 'Yoshi', 'Yama', 'A', '1998-11-08', 'Male', '09555444221', 'yoshinubo@gmail.com', 'Lapu-Lapu City', '2025-11-08 14:15:51', '2025-11-08 14:15:51'),
(1048, 'Freddie', 'Freeman', 'B', '1990-11-02', 'Male', '0977733321', 'fredmann@gmail.com', 'Cebu City', '2025-11-08 14:17:01', '2025-11-08 14:17:01'),
(1049, 'Roki', 'Sasaki', 'C', '2001-11-12', 'Male', '09776453231', 'bailaloroki@gmail.com', 'Cebu City', '2025-11-08 14:18:30', '2025-11-08 14:18:30');

-- --------------------------------------------------------

--
-- Table structure for table `payment`
--

CREATE TABLE `payment` (
  `pymt_id` int(11) NOT NULL,
  `pymt_amount_paid` decimal(10,2) NOT NULL,
  `pymt_date` datetime NOT NULL DEFAULT current_timestamp(),
  `pymt_created_at` datetime NOT NULL DEFAULT current_timestamp(),
  `pymt_updated_at` datetime DEFAULT current_timestamp() ON UPDATE current_timestamp(),
  `pymt_meth_id` int(11) DEFAULT NULL,
  `pymt_stat_id` int(11) DEFAULT NULL,
  `appt_id` int(11) NOT NULL
) ENGINE=InnoDB DEFAULT CHARSET=utf8mb4 COLLATE=utf8mb4_general_ci;

--
-- Dumping data for table `payment`
--

INSERT INTO `payment` (`pymt_id`, `pymt_amount_paid`, `pymt_date`, `pymt_created_at`, `pymt_updated_at`, `pymt_meth_id`, `pymt_stat_id`, `appt_id`) VALUES
(1, 500.00, '2024-02-18 00:00:00', '2025-10-20 21:24:31', '2025-10-20 21:24:31', 1, 1, 1),
(2, 800.00, '2024-03-14 00:00:00', '2025-10-20 21:24:31', '2025-10-20 21:24:31', 3, 2, 2),
(3, 600.00, '2024-04-07 00:00:00', '2025-10-20 21:24:31', '2025-10-20 21:24:31', 2, 1, 3),
(4, 1000.00, '2024-05-15 00:00:00', '2025-10-20 21:24:31', '2025-10-20 21:24:31', 4, 1, 4),
(5, 1200.00, '2024-06-11 00:00:00', '2025-10-20 21:24:31', '2025-10-20 21:24:31', 5, 3, 5),
(6, 700.00, '2024-07-03 00:00:00', '2025-10-20 21:24:31', '2025-10-20 21:24:31', 2, 1, 6),
(7, 400.00, '2024-08-23 00:00:00', '2025-10-20 21:24:31', '2025-10-20 21:24:31', 5, 1, 7),
(8, 900.00, '2024-09-06 00:00:00', '2025-10-20 21:24:31', '2025-10-20 21:24:31', 3, 2, 8),
(9, 600.00, '2024-10-30 00:00:00', '2025-10-20 21:24:31', '2025-10-20 21:24:31', 2, 1, 9),
(10, 700.00, '2024-12-14 00:00:00', '2025-10-20 21:24:31', '2025-10-20 21:24:31', 4, 1, 10),
(11, 150.00, '2023-01-27 00:00:00', '2025-10-20 21:24:31', '2025-10-20 21:24:31', 1, 2, 11),
(12, 300.00, '2023-02-17 00:00:00', '2025-10-20 21:24:31', '2025-10-20 21:24:31', 2, 1, 12),
(13, 400.00, '2023-03-14 00:00:00', '2025-10-20 21:24:31', '2025-10-20 21:24:31', 3, 1, 13),
(14, 1500.00, '2023-04-25 00:00:00', '2025-10-20 21:24:31', '2025-10-20 21:24:31', 4, 2, 14),
(15, 2500.00, '2023-05-09 00:00:00', '2025-10-20 21:24:31', '2025-10-20 21:24:31', 5, 1, 15),
(16, 900.00, '2023-06-18 00:00:00', '2025-10-20 21:24:31', '2025-10-20 21:24:31', 1, 1, 16),
(17, 800.00, '2023-07-30 00:00:00', '2025-10-20 21:24:31', '2025-10-20 21:24:31', 2, 3, 17),
(18, 400.00, '2023-08-21 00:00:00', '2025-10-20 21:24:31', '2025-10-20 21:24:31', 3, 1, 18),
(19, 500.00, '2023-09-12 00:00:00', '2025-10-20 21:24:31', '2025-10-20 21:24:31', 4, 1, 19),
(20, 1200.00, '2023-10-23 00:00:00', '2025-10-20 21:24:31', '2025-10-20 21:24:31', 5, 2, 20),
(21, 500.00, '2025-10-03 00:00:00', '2025-10-20 21:24:31', '2025-10-20 21:24:31', 1, 1, 21),
(22, 800.00, '2025-10-05 00:00:00', '2025-10-20 21:24:31', '2025-10-20 21:24:31', 2, 1, 22),
(23, 600.00, '2025-10-04 00:00:00', '2025-10-20 21:24:31', '2025-10-20 21:24:31', 3, 2, 23),
(24, 1000.00, '2025-10-06 00:00:00', '2025-10-20 21:24:31', '2025-10-20 21:24:31', 4, 1, 24),
(25, 1200.00, '2025-10-06 00:00:00', '2025-10-20 21:24:31', '2025-10-20 21:24:31', 1, 3, 25),
(26, 700.00, '2025-10-06 00:00:00', '2025-10-20 21:24:31', '2025-10-20 21:24:31', 2, 1, 26),
(27, 400.00, '2025-10-05 00:00:00', '2025-10-20 21:24:31', '2025-10-20 21:24:31', 5, 2, 27),
(28, 900.00, '2025-10-06 00:00:00', '2025-10-20 21:24:31', '2025-10-20 21:24:31', 3, 1, 28),
(29, 600.00, '2025-10-07 00:00:00', '2025-10-20 21:24:31', '2025-10-20 21:24:31', 2, 1, 29),
(30, 700.00, '2025-10-07 00:00:00', '2025-10-20 21:24:31', '2025-10-20 21:24:31', 4, 1, 30),
(31, 150.00, '2025-10-08 00:00:00', '2025-10-20 21:24:31', '2025-10-20 21:24:31', 1, 2, 31),
(32, 300.00, '2025-10-08 00:00:00', '2025-10-20 21:24:31', '2025-10-20 21:24:31', 2, 1, 32),
(33, 400.00, '2025-10-09 00:00:00', '2025-10-20 21:24:31', '2025-10-20 21:24:31', 3, 3, 33),
(34, 1500.00, '2025-10-08 00:00:00', '2025-10-20 21:24:31', '2025-10-20 21:24:31', 4, 1, 34),
(35, 2500.00, '2025-10-09 00:00:00', '2025-10-20 21:24:31', '2025-10-20 21:24:31', 5, 2, 35),
(36, 500.00, '2025-10-11 00:00:00', '2025-10-20 21:24:31', '2025-10-20 21:24:31', 1, 1, 36),
(37, 800.00, '2025-10-11 00:00:00', '2025-10-20 21:24:31', '2025-10-20 21:24:31', 2, 2, 37),
(38, 600.00, '2025-10-11 00:00:00', '2025-10-20 21:24:31', '2025-10-20 21:24:31', 3, 1, 38),
(39, 1000.00, '2025-10-11 00:00:00', '2025-10-20 21:24:31', '2025-10-20 21:24:31', 4, 3, 39),
(40, 1200.00, '2025-10-12 00:00:00', '2025-10-20 21:24:31', '2025-10-20 21:24:31', 5, 1, 40),
(41, 700.00, '2025-10-13 00:00:00', '2025-10-20 21:24:31', '2025-10-20 21:24:31', 2, 1, 41),
(42, 400.00, '2025-10-13 00:00:00', '2025-10-20 21:24:31', '2025-10-20 21:24:31', 3, 2, 42),
(43, 900.00, '2025-10-14 00:00:00', '2025-10-20 21:24:31', '2025-10-20 21:24:31', 5, 1, 43),
(44, 600.00, '2025-10-14 00:00:00', '2025-10-20 21:24:31', '2025-10-20 21:24:31', 1, 1, 44),
(45, 700.00, '2025-10-16 00:00:00', '2025-10-20 21:24:31', '2025-10-20 21:24:31', 2, 3, 45),
(46, 150.00, '2025-10-16 00:00:00', '2025-10-20 21:24:31', '2025-10-20 21:24:31', 3, 1, 46),
(47, 300.00, '2025-11-03 00:00:00', '2025-10-20 21:24:31', '2025-10-20 21:24:31', 4, 2, 47),
(48, 400.00, '2025-11-04 00:00:00', '2025-10-20 21:24:31', '2025-10-20 21:24:31', 5, 1, 48),
(49, 1500.00, '2025-11-06 00:00:00', '2025-10-20 21:24:31', '2025-10-20 21:24:31', 1, 1, 49),
(50, 2500.00, '2025-11-03 00:00:00', '2025-10-20 21:24:31', '2025-10-20 21:24:31', 2, 1, 50),
(51, 500.00, '2025-11-02 00:00:00', '2025-10-20 21:24:31', '2025-10-20 21:24:31', 3, 2, 51),
(52, 800.00, '2025-11-03 00:00:00', '2025-10-20 21:24:31', '2025-10-20 21:24:31', 4, 1, 52),
(53, 600.00, '2025-11-04 00:00:00', '2025-10-20 21:24:31', '2025-10-20 21:24:31', 5, 1, 53),
(54, 1000.00, '2025-11-05 00:00:00', '2025-10-20 21:24:31', '2025-10-20 21:24:31', 1, 1, 54),
(55, 1200.00, '2025-11-05 00:00:00', '2025-10-20 21:24:31', '2025-10-20 21:24:31', 2, 2, 55),
(56, 700.00, '2025-11-07 00:00:00', '2025-10-20 21:24:31', '2025-10-20 21:24:31', 3, 1, 56),
(57, 400.00, '2025-11-07 00:00:00', '2025-10-20 21:24:31', '2025-10-20 21:24:31', 4, 1, 57),
(58, 900.00, '2025-11-08 00:00:00', '2025-10-20 21:24:31', '2025-10-20 21:24:31', 5, 3, 58),
(59, 600.00, '2025-11-08 00:00:00', '2025-10-20 21:24:31', '2025-10-20 21:24:31', 1, 1, 59),
(60, 700.00, '2025-11-09 00:00:00', '2025-10-20 21:24:31', '2025-10-20 21:24:31', 2, 1, 60),
(61, 150.00, '2025-11-09 00:00:00', '2025-10-20 21:24:31', '2025-10-20 21:24:31', 3, 2, 61),
(62, 300.00, '2025-11-10 00:00:00', '2025-10-20 21:24:31', '2025-10-20 21:24:31', 4, 1, 62),
(63, 400.00, '2025-11-10 00:00:00', '2025-10-20 21:24:31', '2025-10-20 21:24:31', 5, 3, 63),
(64, 1500.00, '2025-11-11 00:00:00', '2025-10-20 21:24:31', '2025-10-20 21:24:31', 1, 1, 64),
(65, 2500.00, '2025-11-11 00:00:00', '2025-10-20 21:24:31', '2025-10-20 21:24:31', 2, 2, 65),
(66, 500.00, '2025-11-12 00:00:00', '2025-10-20 21:24:31', '2025-10-20 21:24:31', 3, 1, 66),
(67, 800.00, '2025-11-12 00:00:00', '2025-10-20 21:24:31', '2025-10-20 21:24:31', 4, 1, 67),
(68, 600.00, '2025-11-13 00:00:00', '2025-10-20 21:24:31', '2025-10-20 21:24:31', 5, 2, 68),
(69, 1000.00, '2025-11-13 00:00:00', '2025-10-20 21:24:31', '2025-11-06 18:47:03', 1, 2, 69),
(70, 1200.00, '2025-11-14 00:00:00', '2025-10-20 21:24:31', '2025-11-07 16:18:48', 3, 2, 70),
(73, 12000.00, '2025-11-07 00:00:00', '2025-11-07 16:34:29', '2025-11-07 16:35:41', 4, 1, 56),
(74, 728.16, '2025-11-04 00:00:00', '2025-11-08 15:11:03', '2025-11-08 15:11:03', 2, 1, 71),
(75, 1093.53, '2025-11-14 00:00:00', '2025-11-08 15:11:03', '2025-11-08 15:11:03', 4, 1, 72),
(76, 1639.19, '2025-11-15 00:00:00', '2025-11-08 15:11:03', '2025-11-08 15:11:03', 5, 1, 73),
(77, 1464.04, '2025-11-05 00:00:00', '2025-11-08 15:11:03', '2025-11-08 15:11:03', 5, 1, 74),
(78, 1969.48, '2025-11-18 00:00:00', '2025-11-08 15:11:03', '2025-11-08 15:11:03', 1, 1, 75),
(79, 635.41, '2025-11-21 00:00:00', '2025-11-08 15:11:03', '2025-11-08 15:11:03', 2, 1, 76),
(80, 1466.64, '2025-11-23 00:00:00', '2025-11-08 15:11:03', '2025-11-08 15:11:03', 3, 1, 77),
(81, 505.57, '2025-11-12 00:00:00', '2025-11-08 15:11:03', '2025-11-08 15:11:03', 1, 2, 78),
(82, 1497.37, '2025-11-19 00:00:00', '2025-11-08 15:11:03', '2025-11-08 15:11:03', 4, 1, 79),
(83, 1821.63, '2025-11-01 00:00:00', '2025-11-08 15:11:03', '2025-11-08 15:11:03', 4, 1, 80),
(84, 1908.78, '2025-11-07 00:00:00', '2025-11-08 15:11:03', '2025-11-08 15:11:03', 3, 1, 81),
(85, 1072.58, '2025-11-18 00:00:00', '2025-11-08 15:11:03', '2025-11-08 15:11:03', 4, 2, 82),
(86, 1246.29, '2025-11-21 00:00:00', '2025-11-08 15:11:03', '2025-11-08 15:11:03', 2, 1, 83),
(87, 1057.92, '2025-11-20 00:00:00', '2025-11-08 15:11:03', '2025-11-08 15:11:03', 4, 2, 84),
(88, 1048.57, '2025-11-16 00:00:00', '2025-11-08 15:11:03', '2025-11-08 15:11:03', 1, 3, 85),
(89, 1375.64, '2025-11-08 00:00:00', '2025-11-08 15:11:03', '2025-11-08 15:11:03', 2, 1, 86),
(90, 1908.17, '2025-11-16 00:00:00', '2025-11-08 15:11:03', '2025-11-08 15:11:03', 4, 2, 87),
(91, 1732.36, '2025-11-07 00:00:00', '2025-11-08 15:11:03', '2025-11-08 15:11:03', 2, 2, 88),
(92, 926.84, '2025-11-03 00:00:00', '2025-11-08 15:11:03', '2025-11-08 15:11:03', 3, 3, 89),
(93, 1756.40, '2025-11-14 00:00:00', '2025-11-08 15:11:03', '2025-11-08 15:11:03', 4, 1, 90),
(94, 1379.76, '2025-11-06 00:00:00', '2025-11-08 15:11:03', '2025-11-08 15:11:03', 3, 2, 91),
(95, 1506.69, '2025-11-05 00:00:00', '2025-11-08 15:11:03', '2025-11-08 15:11:03', 5, 3, 92),
(96, 867.43, '2025-11-12 00:00:00', '2025-11-08 15:11:03', '2025-11-08 15:11:03', 2, 2, 93),
(97, 1109.83, '2025-11-19 00:00:00', '2025-11-08 15:11:03', '2025-11-08 15:11:03', 2, 2, 94),
(98, 311.06, '2025-11-19 00:00:00', '2025-11-08 15:11:03', '2025-11-08 15:11:03', 2, 3, 95),
(99, 1442.99, '2025-11-22 00:00:00', '2025-11-08 15:11:03', '2025-11-08 15:11:03', 1, 3, 96),
(100, 699.03, '2025-11-24 00:00:00', '2025-11-08 15:11:03', '2025-11-08 15:11:03', 4, 3, 97),
(101, 1550.12, '2025-11-10 00:00:00', '2025-11-08 15:11:03', '2025-11-08 15:11:03', 1, 1, 98),
(102, 362.70, '2025-11-06 00:00:00', '2025-11-08 15:11:03', '2025-11-08 15:11:03', 4, 1, 99),
(103, 1676.01, '2025-11-30 00:00:00', '2025-11-08 15:11:03', '2025-11-08 15:11:03', 3, 2, 100),
(104, 551.80, '2025-11-13 00:00:00', '2025-11-08 15:11:03', '2025-11-08 15:11:03', 5, 3, 101),
(105, 450.03, '2025-11-26 00:00:00', '2025-11-08 15:11:03', '2025-11-08 15:11:03', 2, 2, 102),
(106, 875.37, '2025-11-14 00:00:00', '2025-11-08 15:11:03', '2025-11-08 15:11:03', 3, 1, 103),
(107, 1630.52, '2025-11-27 00:00:00', '2025-11-08 15:11:03', '2025-11-08 15:11:03', 3, 3, 104),
(108, 328.52, '2025-11-08 00:00:00', '2025-11-08 15:11:03', '2025-11-08 15:11:03', 1, 1, 105),
(109, 1179.34, '2025-11-26 00:00:00', '2025-11-08 15:11:03', '2025-11-08 15:11:03', 2, 2, 106),
(110, 677.04, '2025-11-06 00:00:00', '2025-11-08 15:11:03', '2025-11-08 15:11:03', 1, 1, 107),
(111, 620.12, '2025-11-10 00:00:00', '2025-11-08 15:11:03', '2025-11-08 15:11:03', 3, 1, 108),
(112, 308.32, '2025-11-01 00:00:00', '2025-11-08 15:11:03', '2025-11-08 15:11:03', 1, 2, 109),
(113, 707.96, '2025-11-11 00:00:00', '2025-11-08 15:11:03', '2025-11-08 15:11:03', 4, 3, 110),
(114, 679.59, '2025-11-01 00:00:00', '2025-11-08 15:11:03', '2025-11-08 15:11:03', 3, 3, 111),
(115, 1865.64, '2025-11-29 00:00:00', '2025-11-08 15:11:03', '2025-11-08 15:11:03', 4, 3, 112),
(116, 624.54, '2025-11-06 00:00:00', '2025-11-08 15:11:03', '2025-11-08 15:11:03', 5, 3, 113),
(117, 1459.49, '2025-11-18 00:00:00', '2025-11-08 15:11:03', '2025-11-08 15:11:03', 5, 1, 114),
(118, 648.49, '2025-11-03 00:00:00', '2025-11-08 15:11:03', '2025-11-08 15:11:03', 4, 2, 115),
(119, 1012.21, '2025-11-29 00:00:00', '2025-11-08 15:11:03', '2025-11-08 15:11:03', 3, 3, 116),
(120, 1773.82, '2025-11-21 00:00:00', '2025-11-08 15:11:03', '2025-11-08 15:11:03', 5, 1, 117),
(121, 744.13, '2025-11-11 00:00:00', '2025-11-08 15:11:03', '2025-11-08 15:11:03', 3, 1, 118),
(122, 1067.76, '2025-11-28 00:00:00', '2025-11-08 15:11:03', '2025-11-08 15:11:03', 2, 3, 119),
(123, 1609.74, '2025-11-16 00:00:00', '2025-11-08 15:11:03', '2025-11-08 15:11:03', 3, 3, 120),
(124, 679.98, '2025-11-21 00:00:00', '2025-11-08 15:11:03', '2025-11-08 15:11:03', 1, 1, 121),
(125, 1007.44, '2025-11-21 00:00:00', '2025-11-08 15:11:03', '2025-11-08 15:11:03', 5, 1, 122),
(126, 1525.77, '2025-11-28 00:00:00', '2025-11-08 15:11:03', '2025-11-08 15:11:03', 4, 2, 123),
(127, 713.77, '2025-11-09 00:00:00', '2025-11-08 15:11:03', '2025-11-08 15:11:03', 4, 2, 124),
(128, 1852.02, '2025-11-11 00:00:00', '2025-11-08 15:11:03', '2025-11-08 15:11:03', 3, 2, 125),
(129, 1289.74, '2025-11-05 00:00:00', '2025-11-08 15:11:03', '2025-11-08 15:11:03', 1, 2, 126),
(130, 1410.79, '2025-11-04 00:00:00', '2025-11-08 15:11:03', '2025-11-08 15:11:03', 1, 1, 127),
(131, 1683.79, '2025-11-20 00:00:00', '2025-11-08 15:11:03', '2025-11-08 15:11:03', 4, 1, 128),
(132, 1624.23, '2025-11-28 00:00:00', '2025-11-08 15:11:03', '2025-11-08 15:11:03', 1, 1, 129),
(133, 983.36, '2025-11-10 00:00:00', '2025-11-08 15:11:03', '2025-11-08 15:11:03', 1, 1, 130),
(134, 786.02, '2025-11-17 00:00:00', '2025-11-08 15:11:03', '2025-11-08 15:11:03', 4, 3, 131),
(135, 694.68, '2025-11-26 00:00:00', '2025-11-08 15:11:03', '2025-11-08 15:11:03', 3, 1, 132),
(136, 1874.86, '2025-11-26 00:00:00', '2025-11-08 15:11:03', '2025-11-08 15:11:03', 2, 2, 133),
(137, 713.59, '2025-11-25 00:00:00', '2025-11-08 15:11:03', '2025-11-08 15:11:03', 1, 3, 134),
(138, 1927.39, '2025-11-12 00:00:00', '2025-11-08 15:11:03', '2025-11-08 15:11:03', 3, 2, 135),
(139, 770.92, '2025-11-05 00:00:00', '2025-11-08 15:12:32', '2025-11-08 15:12:32', 4, 3, 136),
(140, 871.23, '2025-11-29 00:00:00', '2025-11-08 15:12:32', '2025-11-08 15:12:32', 4, 2, 137),
(141, 326.13, '2025-11-21 00:00:00', '2025-11-08 15:12:32', '2025-11-08 15:12:32', 2, 3, 138),
(142, 1930.62, '2025-11-04 00:00:00', '2025-11-08 15:12:32', '2025-11-08 15:12:32', 2, 3, 139),
(143, 508.40, '2025-11-17 00:00:00', '2025-11-08 15:12:32', '2025-11-08 15:12:32', 3, 2, 140),
(144, 1717.61, '2025-11-06 00:00:00', '2025-11-08 15:12:32', '2025-11-08 15:12:32', 1, 2, 141),
(145, 1212.77, '2025-11-23 00:00:00', '2025-11-08 15:12:32', '2025-11-08 15:12:32', 2, 2, 142),
(146, 346.85, '2025-11-21 00:00:00', '2025-11-08 15:12:32', '2025-11-08 15:12:32', 2, 3, 143),
(147, 1904.10, '2025-11-05 00:00:00', '2025-11-08 15:12:32', '2025-11-08 15:12:32', 5, 3, 144),
(148, 342.26, '2025-11-30 00:00:00', '2025-11-08 15:12:32', '2025-11-08 15:12:32', 4, 1, 145),
(149, 425.68, '2025-11-30 00:00:00', '2025-11-08 15:12:32', '2025-11-08 15:12:32', 5, 3, 146),
(150, 1021.27, '2025-11-03 00:00:00', '2025-11-08 15:12:32', '2025-11-08 15:12:32', 1, 3, 147),
(151, 342.20, '2025-11-26 00:00:00', '2025-11-08 15:12:32', '2025-11-08 15:12:32', 1, 2, 148),
(152, 1901.22, '2025-11-26 00:00:00', '2025-11-08 15:12:32', '2025-11-08 15:12:32', 5, 2, 149),
(153, 404.54, '2025-11-17 00:00:00', '2025-11-08 15:12:32', '2025-11-08 15:12:32', 3, 2, 150),
(154, 1174.77, '2025-11-29 00:00:00', '2025-11-08 15:12:32', '2025-11-08 15:12:32', 2, 1, 151),
(155, 1003.72, '2025-11-03 00:00:00', '2025-11-08 15:12:32', '2025-11-08 15:12:32', 3, 3, 152),
(156, 763.10, '2025-11-01 00:00:00', '2025-11-08 15:12:32', '2025-11-08 15:12:32', 1, 3, 153),
(157, 311.82, '2025-11-30 00:00:00', '2025-11-08 15:12:32', '2025-11-08 15:12:32', 3, 3, 154),
(158, 1328.27, '2025-11-03 00:00:00', '2025-11-08 15:12:32', '2025-11-08 15:12:32', 5, 1, 155),
(159, 1698.11, '2025-11-24 00:00:00', '2025-11-08 15:12:32', '2025-11-08 15:12:32', 2, 1, 156),
(160, 619.69, '2025-11-05 00:00:00', '2025-11-08 15:12:32', '2025-11-08 15:12:32', 1, 2, 157),
(161, 1108.22, '2025-11-08 00:00:00', '2025-11-08 15:12:32', '2025-11-08 15:12:32', 4, 2, 158),
(162, 1108.27, '2025-11-06 00:00:00', '2025-11-08 15:12:32', '2025-11-08 15:12:32', 3, 2, 159),
(163, 307.13, '2025-11-16 00:00:00', '2025-11-08 15:12:32', '2025-11-08 15:12:32', 1, 1, 160),
(164, 449.49, '2025-11-03 00:00:00', '2025-11-08 15:12:32', '2025-11-08 15:12:32', 2, 3, 161),
(165, 1438.45, '2025-11-02 00:00:00', '2025-11-08 15:12:32', '2025-11-08 15:12:32', 2, 1, 162),
(166, 437.06, '2025-11-18 00:00:00', '2025-11-08 15:12:32', '2025-11-08 15:12:32', 4, 2, 163),
(167, 1869.38, '2025-11-02 00:00:00', '2025-11-08 15:12:32', '2025-11-08 15:12:32', 1, 2, 164),
(168, 933.95, '2025-11-07 00:00:00', '2025-11-08 15:12:32', '2025-11-08 15:12:32', 4, 1, 165),
(169, 911.85, '2025-11-23 00:00:00', '2025-11-08 15:12:32', '2025-11-08 15:12:32', 4, 2, 166),
(170, 1262.31, '2025-11-04 00:00:00', '2025-11-08 15:12:32', '2025-11-08 15:12:32', 3, 3, 167),
(171, 1230.50, '2025-11-01 00:00:00', '2025-11-08 15:12:32', '2025-11-08 15:12:32', 2, 2, 168),
(172, 1992.74, '2025-11-22 00:00:00', '2025-11-08 15:12:32', '2025-11-08 15:12:32', 1, 3, 169),
(173, 1198.80, '2025-11-12 00:00:00', '2025-11-08 15:12:32', '2025-11-08 15:12:32', 1, 3, 170),
(174, 1776.76, '2025-11-19 00:00:00', '2025-11-08 15:12:32', '2025-11-08 15:12:32', 5, 2, 171),
(175, 1260.03, '2025-11-30 00:00:00', '2025-11-08 15:12:32', '2025-11-08 15:12:32', 1, 1, 172),
(176, 381.95, '2025-11-25 00:00:00', '2025-11-08 15:12:32', '2025-11-08 15:12:32', 2, 3, 173),
(177, 1398.28, '2025-11-16 00:00:00', '2025-11-08 15:12:32', '2025-11-08 15:12:32', 1, 3, 174),
(178, 1336.17, '2025-11-27 00:00:00', '2025-11-08 15:12:32', '2025-11-08 15:12:32', 4, 1, 175),
(179, 1563.98, '2025-11-24 00:00:00', '2025-11-08 15:12:32', '2025-11-08 15:12:32', 4, 3, 176),
(180, 934.46, '2025-11-07 00:00:00', '2025-11-08 15:12:32', '2025-11-08 15:12:32', 1, 2, 177),
(181, 568.60, '2025-11-01 00:00:00', '2025-11-08 15:12:32', '2025-11-08 15:12:32', 5, 2, 178),
(182, 1643.60, '2025-11-08 00:00:00', '2025-11-08 15:12:32', '2025-11-08 15:12:32', 4, 1, 179),
(183, 1844.06, '2025-11-23 00:00:00', '2025-11-08 15:12:32', '2025-11-08 15:12:32', 5, 1, 180),
(184, 1408.83, '2025-11-25 00:00:00', '2025-11-08 15:12:32', '2025-11-08 15:12:32', 5, 1, 181),
(185, 1022.40, '2025-11-06 00:00:00', '2025-11-08 15:12:32', '2025-11-08 15:12:32', 4, 1, 182),
(186, 1716.69, '2025-11-05 00:00:00', '2025-11-08 15:12:32', '2025-11-08 15:12:32', 4, 2, 183),
(187, 1568.24, '2025-11-23 00:00:00', '2025-11-08 15:12:32', '2025-11-08 15:12:32', 3, 2, 184),
(188, 667.77, '2025-11-10 00:00:00', '2025-11-08 15:12:32', '2025-11-08 15:12:32', 1, 1, 185),
(189, 1194.25, '2025-11-11 00:00:00', '2025-11-08 15:12:32', '2025-11-08 15:12:32', 1, 3, 186),
(190, 791.67, '2025-11-18 00:00:00', '2025-11-08 15:12:32', '2025-11-08 15:12:32', 5, 1, 187),
(191, 1263.67, '2025-11-21 00:00:00', '2025-11-08 15:12:32', '2025-11-08 15:12:32', 4, 1, 188),
(192, 1402.86, '2025-11-10 00:00:00', '2025-11-08 15:12:32', '2025-11-08 15:12:32', 2, 2, 189),
(193, 1021.33, '2025-11-30 00:00:00', '2025-11-08 15:12:32', '2025-11-08 15:12:32', 3, 1, 190),
(194, 770.37, '2025-11-03 00:00:00', '2025-11-08 15:12:32', '2025-11-08 15:12:32', 4, 1, 191),
(195, 1914.42, '2025-11-07 00:00:00', '2025-11-08 15:12:32', '2025-11-08 15:12:32', 4, 3, 192),
(196, 1029.93, '2025-11-09 00:00:00', '2025-11-08 15:12:32', '2025-11-08 15:12:32', 3, 1, 193),
(197, 1091.57, '2025-11-01 00:00:00', '2025-11-08 15:12:32', '2025-11-08 15:12:32', 5, 3, 194),
(198, 562.06, '2025-11-04 00:00:00', '2025-11-08 15:12:32', '2025-11-08 15:12:32', 3, 3, 195),
(199, 1799.01, '2025-11-26 00:00:00', '2025-11-08 15:12:32', '2025-11-08 15:12:32', 4, 1, 196),
(200, 1108.12, '2025-11-24 00:00:00', '2025-11-08 15:12:32', '2025-11-08 15:12:32', 2, 1, 197),
(201, 1210.74, '2025-11-25 00:00:00', '2025-11-08 15:12:32', '2025-11-08 15:12:32', 4, 1, 198),
(202, 728.19, '2025-11-20 00:00:00', '2025-11-08 15:12:32', '2025-11-08 15:12:32', 4, 3, 199),
(203, 1677.26, '2025-11-27 00:00:00', '2025-11-08 15:12:32', '2025-11-08 15:12:32', 2, 1, 200);

-- --------------------------------------------------------

--
-- Table structure for table `payment_method`
--

CREATE TABLE `payment_method` (
  `pymt_meth_id` int(11) NOT NULL,
  `pymt_meth_name` varchar(50) NOT NULL,
  `pymt_meth_created_at` datetime NOT NULL DEFAULT current_timestamp(),
  `pymt_meth_updated_at` datetime DEFAULT current_timestamp() ON UPDATE current_timestamp()
) ENGINE=InnoDB DEFAULT CHARSET=utf8mb4 COLLATE=utf8mb4_general_ci;

--
-- Dumping data for table `payment_method`
--

INSERT INTO `payment_method` (`pymt_meth_id`, `pymt_meth_name`, `pymt_meth_created_at`, `pymt_meth_updated_at`) VALUES
(1, 'Cash', '2025-10-19 22:06:10', '2025-10-19 22:06:10'),
(2, 'Debit Card', '2025-10-19 22:06:10', '2025-10-19 22:06:10'),
(3, 'Credit Card', '2025-10-19 22:06:10', '2025-10-19 22:06:10'),
(4, 'Bank Transfer', '2025-10-19 22:06:10', '2025-10-19 22:06:10'),
(5, 'Mobile Payment', '2025-10-19 22:06:10', '2025-10-19 22:06:10');

-- --------------------------------------------------------

--
-- Table structure for table `payment_status`
--

CREATE TABLE `payment_status` (
  `pymt_stat_id` int(11) NOT NULL,
  `pymt_stat_name` varchar(50) NOT NULL,
  `pymt_stat_created_at` datetime NOT NULL DEFAULT current_timestamp(),
  `pymt_stat_updated_at` datetime DEFAULT current_timestamp() ON UPDATE current_timestamp()
) ENGINE=InnoDB DEFAULT CHARSET=utf8mb4 COLLATE=utf8mb4_general_ci;

--
-- Dumping data for table `payment_status`
--

INSERT INTO `payment_status` (`pymt_stat_id`, `pymt_stat_name`, `pymt_stat_created_at`, `pymt_stat_updated_at`) VALUES
(1, 'Paid', '2025-10-19 22:04:12', '2025-10-19 22:04:12'),
(2, 'Pending', '2025-10-19 22:04:12', '2025-10-19 22:04:12'),
(3, 'Refunded', '2025-10-19 22:04:12', '2025-10-19 22:04:12');

-- --------------------------------------------------------

--
-- Table structure for table `schedule`
--

CREATE TABLE `schedule` (
  `sched_id` int(11) NOT NULL,
  `sched_days` enum('Monday','Tuesday','Wednesday','Thursday','Friday','Saturday','Sunday') NOT NULL,
  `sched_start_time` time NOT NULL,
  `sched_end_time` time NOT NULL,
  `sched_created_at` datetime NOT NULL DEFAULT current_timestamp(),
  `sched_updated_at` datetime DEFAULT current_timestamp() ON UPDATE current_timestamp(),
  `doc_id` int(11) NOT NULL
) ENGINE=InnoDB DEFAULT CHARSET=utf8mb4 COLLATE=utf8mb4_general_ci;

--
-- Dumping data for table `schedule`
--

INSERT INTO `schedule` (`sched_id`, `sched_days`, `sched_start_time`, `sched_end_time`, `sched_created_at`, `sched_updated_at`, `doc_id`) VALUES
(1, 'Monday', '08:00:00', '12:00:00', '2025-10-19 22:38:29', '2025-10-19 22:38:29', 1000),
(2, 'Wednesday', '08:00:00', '12:00:00', '2025-10-19 22:38:29', '2025-10-19 22:38:29', 1000),
(3, 'Friday', '08:00:00', '20:00:00', '2025-10-19 22:38:29', '2025-11-07 16:49:51', 1000),
(4, 'Tuesday', '13:00:00', '17:00:00', '2025-10-19 22:38:29', '2025-10-19 22:38:29', 1001),
(5, 'Thursday', '13:00:00', '17:00:00', '2025-10-19 22:38:29', '2025-10-19 22:38:29', 1001),
(6, 'Saturday', '13:00:00', '17:00:00', '2025-10-19 22:38:29', '2025-10-19 22:38:29', 1001),
(7, 'Monday', '08:00:00', '12:00:00', '2025-10-19 22:38:29', '2025-10-19 22:38:29', 1002),
(8, 'Tuesday', '08:00:00', '12:00:00', '2025-10-19 22:38:29', '2025-10-19 22:38:29', 1002),
(9, 'Thursday', '08:00:00', '12:00:00', '2025-10-19 22:38:29', '2025-10-19 22:38:29', 1002),
(10, 'Wednesday', '13:00:00', '17:00:00', '2025-10-19 22:38:29', '2025-10-19 22:38:29', 1003),
(11, 'Friday', '13:00:00', '17:00:00', '2025-10-19 22:38:29', '2025-10-19 22:38:29', 1003),
(12, 'Saturday', '13:00:00', '17:00:00', '2025-10-19 22:38:29', '2025-10-19 22:38:29', 1003),
(13, 'Monday', '09:00:00', '12:00:00', '2025-10-19 22:38:29', '2025-11-07 23:04:07', 1004),
(14, 'Thursday', '08:00:00', '12:00:00', '2025-10-19 22:38:29', '2025-10-19 22:38:29', 1004),
(15, 'Friday', '08:00:00', '12:00:00', '2025-10-19 22:38:29', '2025-10-19 22:38:29', 1004),
(16, 'Tuesday', '13:00:00', '17:00:00', '2025-10-19 22:38:29', '2025-10-19 22:38:29', 1005),
(17, 'Wednesday', '13:00:00', '17:00:00', '2025-10-19 22:38:29', '2025-10-19 22:38:29', 1005),
(18, 'Saturday', '13:00:00', '17:00:00', '2025-10-19 22:38:29', '2025-10-19 22:38:29', 1005),
(19, 'Monday', '08:00:00', '12:00:00', '2025-10-19 22:38:29', '2025-10-19 22:38:29', 1006),
(20, 'Wednesday', '08:00:00', '12:00:00', '2025-10-19 22:38:29', '2025-10-19 22:38:29', 1006),
(21, 'Friday', '08:00:00', '12:00:00', '2025-10-19 22:38:29', '2025-10-19 22:38:29', 1006),
(22, 'Tuesday', '13:00:00', '17:00:00', '2025-10-19 22:38:29', '2025-10-19 22:38:29', 1007),
(23, 'Thursday', '13:00:00', '17:00:00', '2025-10-19 22:38:29', '2025-10-19 22:38:29', 1007),
(24, 'Saturday', '13:00:00', '17:00:00', '2025-10-19 22:38:29', '2025-10-19 22:38:29', 1007),
(25, 'Monday', '08:00:00', '12:00:00', '2025-10-19 22:38:29', '2025-10-19 22:38:29', 1008),
(26, 'Tuesday', '08:00:00', '12:00:00', '2025-10-19 22:38:29', '2025-10-19 22:38:29', 1008),
(27, 'Wednesday', '08:00:00', '12:00:00', '2025-10-19 22:38:29', '2025-10-19 22:38:29', 1008),
(28, 'Thursday', '13:00:00', '17:00:00', '2025-10-19 22:38:29', '2025-10-19 22:38:29', 1009),
(29, 'Friday', '13:00:00', '17:00:00', '2025-10-19 22:38:29', '2025-10-19 22:38:29', 1009),
(30, 'Saturday', '13:00:00', '17:00:00', '2025-10-19 22:38:29', '2025-10-19 22:38:29', 1009),
(31, 'Monday', '08:00:00', '12:00:00', '2025-10-19 22:38:29', '2025-10-19 22:38:29', 1010),
(32, 'Wednesday', '08:00:00', '12:00:00', '2025-10-19 22:38:29', '2025-10-19 22:38:29', 1010),
(33, 'Friday', '08:00:00', '12:00:00', '2025-10-19 22:38:29', '2025-10-19 22:38:29', 1010),
(34, 'Tuesday', '13:00:00', '21:00:00', '2025-10-19 22:38:29', '2025-11-07 21:10:09', 1011),
(35, 'Thursday', '13:00:00', '17:00:00', '2025-10-19 22:38:29', '2025-10-19 22:38:29', 1011),
(36, 'Saturday', '13:00:00', '17:00:00', '2025-10-19 22:38:29', '2025-10-19 22:38:29', 1011),
(37, 'Monday', '08:00:00', '12:00:00', '2025-10-19 22:38:29', '2025-10-19 22:38:29', 1012),
(38, 'Tuesday', '08:00:00', '12:00:00', '2025-10-19 22:38:29', '2025-10-19 22:38:29', 1012),
(39, 'Thursday', '08:00:00', '12:00:00', '2025-10-19 22:38:29', '2025-10-19 22:38:29', 1012),
(40, 'Wednesday', '13:00:00', '17:00:00', '2025-10-19 22:38:29', '2025-10-19 22:38:29', 1013),
(41, 'Friday', '13:00:00', '17:00:00', '2025-10-19 22:38:29', '2025-10-19 22:38:29', 1013),
(42, 'Saturday', '13:00:00', '17:00:00', '2025-10-19 22:38:29', '2025-10-19 22:38:29', 1013),
(43, 'Monday', '08:00:00', '12:00:00', '2025-10-19 22:38:29', '2025-10-19 22:38:29', 1014),
(44, 'Thursday', '08:00:00', '12:00:00', '2025-10-19 22:38:29', '2025-10-19 22:38:29', 1014),
(45, 'Friday', '08:00:00', '12:00:00', '2025-10-19 22:38:29', '2025-10-19 22:38:29', 1014),
(46, 'Tuesday', '13:00:00', '17:00:00', '2025-10-19 22:38:29', '2025-10-19 22:38:29', 1015),
(47, 'Wednesday', '13:00:00', '17:00:00', '2025-10-19 22:38:29', '2025-10-19 22:38:29', 1015),
(48, 'Saturday', '13:00:00', '17:00:00', '2025-10-19 22:38:29', '2025-10-19 22:38:29', 1015),
(49, 'Monday', '08:00:00', '12:00:00', '2025-10-19 22:38:29', '2025-10-19 22:38:29', 1016),
(50, 'Wednesday', '08:00:00', '12:00:00', '2025-10-19 22:38:29', '2025-10-19 22:38:29', 1016),
(51, 'Friday', '08:00:00', '12:00:00', '2025-10-19 22:38:29', '2025-10-19 22:38:29', 1016),
(52, 'Tuesday', '13:00:00', '17:00:00', '2025-10-19 22:38:29', '2025-10-19 22:38:29', 1017),
(53, 'Thursday', '13:00:00', '17:00:00', '2025-10-19 22:38:29', '2025-10-19 22:38:29', 1017),
(54, 'Saturday', '13:00:00', '17:00:00', '2025-10-19 22:38:29', '2025-10-19 22:38:29', 1017),
(55, 'Monday', '08:00:00', '12:00:00', '2025-10-19 22:38:29', '2025-10-19 22:38:29', 1018),
(56, 'Tuesday', '08:00:00', '12:00:00', '2025-10-19 22:38:29', '2025-10-19 22:38:29', 1018),
(57, 'Thursday', '08:00:00', '12:00:00', '2025-10-19 22:38:29', '2025-10-19 22:38:29', 1018),
(58, 'Wednesday', '13:00:00', '17:00:00', '2025-10-19 22:38:29', '2025-10-19 22:38:29', 1019),
(59, 'Friday', '13:00:00', '17:00:00', '2025-10-19 22:38:29', '2025-10-19 22:38:29', 1019),
(60, 'Saturday', '13:00:00', '17:00:00', '2025-10-19 22:38:29', '2025-10-19 22:38:29', 1019),
(63, 'Saturday', '08:50:00', '21:50:00', '2025-11-07 16:50:38', '2025-11-07 16:50:38', 1000),
(64, 'Monday', '09:00:00', '22:00:00', '2025-11-07 20:47:02', '2025-11-07 20:47:02', 1025),
(65, 'Wednesday', '09:00:00', '22:00:00', '2025-11-07 20:47:02', '2025-11-07 20:47:02', 1025),
(67, 'Monday', '09:00:00', '12:00:00', '2025-11-08 22:07:20', '2025-11-08 22:07:20', 1020),
(68, 'Wednesday', '13:00:00', '17:00:00', '2025-11-08 22:07:20', '2025-11-08 22:07:20', 1020),
(69, 'Friday', '09:00:00', '12:00:00', '2025-11-08 22:07:20', '2025-11-08 22:07:20', 1020),
(70, 'Tuesday', '10:00:00', '14:00:00', '2025-11-08 22:07:20', '2025-11-08 22:07:20', 1024),
(71, 'Thursday', '09:00:00', '13:00:00', '2025-11-08 22:07:20', '2025-11-08 22:07:20', 1024),
(72, 'Saturday', '08:00:00', '12:00:00', '2025-11-08 22:07:20', '2025-11-08 22:07:20', 1024),
(73, 'Monday', '14:00:00', '18:00:00', '2025-11-08 22:07:20', '2025-11-08 22:07:20', 1026),
(74, 'Wednesday', '09:00:00', '12:00:00', '2025-11-08 22:07:20', '2025-11-08 22:07:20', 1026),
(75, 'Friday', '13:00:00', '17:00:00', '2025-11-08 22:07:20', '2025-11-08 22:07:20', 1026),
(76, 'Tuesday', '08:00:00', '12:00:00', '2025-11-08 22:07:20', '2025-11-08 22:07:20', 1027),
(77, 'Thursday', '14:00:00', '18:00:00', '2025-11-08 22:07:20', '2025-11-08 22:07:20', 1027),
(78, 'Saturday', '09:00:00', '13:00:00', '2025-11-08 22:07:20', '2025-11-08 22:07:20', 1027),
(79, 'Friday', '11:00:00', '12:00:00', '2025-11-08 22:08:15', '2025-11-08 22:08:15', 1025);

-- --------------------------------------------------------

--
-- Table structure for table `service`
--

CREATE TABLE `service` (
  `serv_id` int(11) NOT NULL,
  `serv_name` varchar(100) NOT NULL,
  `serv_description` text NOT NULL,
  `serv_price` decimal(10,2) NOT NULL,
  `serv_created_at` datetime NOT NULL DEFAULT current_timestamp(),
  `serv_updated_at` datetime DEFAULT current_timestamp() ON UPDATE current_timestamp()
) ENGINE=InnoDB DEFAULT CHARSET=utf8mb4 COLLATE=utf8mb4_general_ci;

--
-- Dumping data for table `service`
--

INSERT INTO `service` (`serv_id`, `serv_name`, `serv_description`, `serv_price`, `serv_created_at`, `serv_updated_at`) VALUES
(1, 'General Consultation', 'Basic consultation with a licensed physician for general health concerns and check-ups.', 500.00, '2025-10-19 22:13:01', '2025-10-19 22:13:01'),
(2, 'Specialist Consultation', 'Consultation with a medical specialist such as a cardiologist, dermatologist, or neurologist.', 800.00, '2025-10-19 22:13:01', '2025-10-19 22:13:01'),
(3, 'Laboratory Test', 'Standard laboratory services including blood, urine, and other diagnostic tests.', 600.00, '2025-10-19 22:13:01', '2025-10-19 22:13:01'),
(4, 'X-ray Imaging', 'Diagnostic X-ray imaging for assessing bones, chest, or other areas as prescribed by the doctor.', 1000.00, '2025-10-19 22:13:01', '2025-10-19 22:13:01'),
(5, 'Ultrasound', 'Ultrasound imaging for internal organs, pregnancy monitoring, or soft tissue evaluations.', 1200.00, '2025-10-19 22:13:01', '2025-10-19 22:13:01'),
(6, 'ECG (Electrocardiogram)', 'Heart test that records electrical activity to detect cardiac abnormalities.', 700.00, '2025-10-19 22:13:01', '2025-10-19 22:13:01'),
(7, 'Vaccination', 'Administration of vaccines for disease prevention (flu, hepatitis, etc.).', 400.00, '2025-10-19 22:13:01', '2025-10-19 22:13:01'),
(8, 'Prenatal Check-up', 'Routine examination and monitoring of pregnant patients by an obstetrician.', 900.00, '2025-10-19 22:13:01', '2025-10-19 22:13:01'),
(9, 'Dental Cleaning', 'Professional oral cleaning procedure to remove plaque and tartar buildup.', 600.00, '2025-10-19 22:13:01', '2025-10-19 22:13:01'),
(10, 'Physical Therapy Session', 'Therapeutic session to aid recovery and mobility improvement after injury or surgery.', 700.00, '2025-10-19 22:13:01', '2025-10-19 22:13:01'),
(11, 'Blood Pressure Check', 'Quick blood pressure monitoring and basic assessment by medical staff.', 150.00, '2025-10-19 22:13:01', '2025-10-19 22:13:01'),
(12, 'Medical Certificate Issuance', 'Official medical certification issued after patient evaluation.', 300.00, '2025-10-19 22:13:01', '2025-10-19 22:13:01'),
(13, 'Follow-up Appointment', 'Follow-up consultation for reviewing test results or monitoring ongoing treatment.', 470.00, '2025-10-19 22:13:01', '2025-11-06 18:47:39'),
(14, 'Health Screening Package', 'Comprehensive preventive health screening including blood tests and physical exams.', 1500.00, '2025-10-19 22:13:01', '2025-10-19 22:13:01'),
(15, 'Minor Surgery', 'Small-scale outpatient surgical procedure performed by a licensed surgeon.', 25000.00, '2025-10-19 22:13:01', '2025-11-06 17:33:53'),
(18, 'Speech Therapy', 'Treatment for speech, language, and swallowing disorders.', 1290.00, '2025-11-07 16:32:32', '2025-11-07 16:36:28'),
(19, 'Nutrition Counseling', 'Personalized diet and nutrition consultation to support healthy eating habits and disease prevention.', 650.00, '2025-11-08 14:24:39', '2025-11-08 14:24:39'),
(20, 'Eye Examination', 'Comprehensive eye test including vision assessment and screening for common eye conditions.', 750.00, '2025-11-08 14:24:39', '2025-11-08 14:24:39'),
(21, 'Allergy Testing', 'Diagnostic testing to identify allergic reactions to food, pollen, or environmental triggers.', 1800.00, '2025-11-08 14:24:39', '2025-11-08 14:24:39'),
(22, 'Wound Dressing', 'Cleaning, disinfecting, and dressing of minor wounds or post-surgical incisions.', 350.00, '2025-11-08 14:24:39', '2025-11-08 14:24:39'),
(23, 'Hearing Test (Audiometry)', 'Assessment of hearing ability using audiometric equipment to detect hearing loss.', 900.00, '2025-11-08 14:24:39', '2025-11-08 14:24:39'),
(24, 'Mental Health Consultation', 'Professional mental health assessment and counseling session with a licensed therapist.', 1000.00, '2025-11-08 14:24:39', '2025-11-08 14:24:39'),
(25, 'Immunization Booster', 'Administration of booster vaccines for ongoing protection against common diseases.', 500.00, '2025-11-08 14:24:39', '2025-11-08 14:24:39'),
(26, 'Pap Smear Test', 'Screening procedure for early detection of cervical cancer and other abnormalities.', 850.00, '2025-11-08 14:24:39', '2025-11-08 14:24:39'),
(27, 'COVID-19 Antigen Test', 'Rapid diagnostic test for detecting active COVID-19 infection using nasal swab.', 550.00, '2025-11-08 14:24:39', '2025-11-08 14:24:39');

-- --------------------------------------------------------

--
-- Table structure for table `specialization`
--

CREATE TABLE `specialization` (
  `spec_id` int(11) NOT NULL,
  `spec_name` varchar(100) NOT NULL,
  `spec_created_at` datetime NOT NULL DEFAULT current_timestamp(),
  `spec_updated_at` datetime DEFAULT current_timestamp() ON UPDATE current_timestamp()
) ENGINE=InnoDB DEFAULT CHARSET=utf8mb4 COLLATE=utf8mb4_general_ci;

--
-- Dumping data for table `specialization`
--

INSERT INTO `specialization` (`spec_id`, `spec_name`, `spec_created_at`, `spec_updated_at`) VALUES
(1, 'Family Medicine', '2025-10-19 22:10:27', '2025-10-19 22:10:27'),
(2, 'Internal Medicine', '2025-10-19 22:10:27', '2025-10-19 22:10:27'),
(3, 'Pediatrics', '2025-10-19 22:10:27', '2025-10-19 22:10:27'),
(4, 'Obstetrics and Gynecology', '2025-10-19 22:10:27', '2025-10-19 22:10:27'),
(5, 'Cardiology', '2025-10-19 22:10:27', '2025-10-19 22:10:27'),
(6, 'Dermatology', '2025-10-19 22:10:27', '2025-10-19 22:10:27'),
(7, 'Ophthalmology', '2025-10-19 22:10:27', '2025-10-19 22:10:27'),
(8, 'Orthopedics', '2025-10-19 22:10:27', '2025-10-19 22:10:27'),
(9, 'Otorhinolaryngology (ENT)', '2025-10-19 22:10:27', '2025-10-19 22:10:27'),
(10, 'Psychiatry', '2025-10-19 22:10:27', '2025-10-19 22:10:27'),
(11, 'Neurology', '2025-10-19 22:10:27', '2025-10-19 22:10:27'),
(12, 'General Surgery', '2025-10-19 22:10:27', '2025-10-19 22:10:27'),
(13, 'Dental Medicine', '2025-10-19 22:10:27', '2025-10-19 22:10:27'),
(14, 'Radiology', '2025-10-19 22:10:27', '2025-10-19 22:10:27'),
(15, 'Rehabilitation Medicine', '2025-10-19 22:10:27', '2025-10-19 22:10:27');

-- --------------------------------------------------------

--
-- Table structure for table `staff`
--

CREATE TABLE `staff` (
  `staff_id` int(11) NOT NULL,
  `staff_first_name` varchar(50) NOT NULL,
  `staff_last_name` varchar(50) NOT NULL,
  `staff_middle_init` char(3) DEFAULT NULL,
  `staff_contact_num` varchar(15) NOT NULL,
  `staff_email` varchar(100) NOT NULL,
  `staff_created_at` datetime NOT NULL DEFAULT current_timestamp(),
  `staff_updated_at` datetime DEFAULT current_timestamp() ON UPDATE current_timestamp()
) ENGINE=InnoDB DEFAULT CHARSET=utf8mb4 COLLATE=utf8mb4_general_ci;

--
-- Dumping data for table `staff`
--

INSERT INTO `staff` (`staff_id`, `staff_first_name`, `staff_last_name`, `staff_middle_init`, `staff_contact_num`, `staff_email`, `staff_created_at`, `staff_updated_at`) VALUES
(1000, 'Althea', 'Navarro', 'G', '09182345671', 'althea.navarro@clinicph.com', '2025-10-19 22:22:40', '2025-10-19 22:22:40'),
(1001, 'Mark', 'Santiago', 'R', '09175673452', 'mark.santiago@clinicph.com', '2025-10-19 22:22:40', '2025-10-19 22:22:40'),
(1002, 'Janelle', 'Bautista', 'D', '09284567213', 'janelle.bautista@clinicph.com', '2025-10-19 22:22:40', '2025-10-19 22:22:40'),
(1003, 'Paolo', 'Ramos', 'E', '09393456782', 'paolo.ramos@clinicph.com', '2025-10-19 22:22:40', '2025-10-19 22:22:40'),
(1004, 'Christine', 'Del Rosario', 'M', '09081235679', 'christine.delrosario@clinicph.com', '2025-10-19 22:22:40', '2025-10-19 22:22:40'),
(1005, 'Leo', 'Mendoza', 'V', '09173456798', 'leo.mendoza@clinicph.com', '2025-10-19 22:22:40', '2025-10-19 22:22:40'),
(1006, 'Hannah', 'Garcia', 'T', '09284561237', 'hannah.garcia@clinicph.com', '2025-10-19 22:22:40', '2025-10-19 22:22:40'),
(1007, 'Francis', 'Aguilar', 'B', '09194567123', 'francis.aguilar@clinicph.com', '2025-10-19 22:22:40', '2025-10-19 22:22:40'),
(1008, 'Bea', 'Castillo', 'L', '09391238765', 'bea.castillo@clinicph.com', '2025-10-19 22:22:40', '2025-10-19 22:22:40'),
(1009, 'Joshua', 'Vergara', 'P', '09273451267', 'joshua.vergara@clinicph.com', '2025-10-19 22:22:40', '2025-10-19 22:22:40'),
(1010, 'Renee', 'Torralba', 'C', '09083456712', 'renee.torralba@clinicph.com', '2025-10-19 22:22:40', '2025-10-19 22:22:40'),
(1011, 'Nathaniel', 'Aquino', 'J', '09192345687', 'nathaniel.aquino@clinicph.com', '2025-10-19 22:22:40', '2025-10-19 22:22:40'),
(1012, 'Eunice', 'Villarin', 'K', '09174562318', 'eunice.villarin@clinicph.com', '2025-10-19 22:22:40', '2025-10-19 22:22:40'),
(1013, 'Patrick', 'Ocampo', 'S', '09281234591', 'patrick.ocampo@clinicph.com', '2025-10-19 22:22:40', '2025-10-19 22:22:40'),
(1014, 'Lara Raj', 'Domingo', 'B', '09392348175', 'lara.domingo@clinicph.com', '2025-10-19 22:22:40', '2025-11-07 17:03:05'),
(1019, 'Jake John', 'Evans', 'S', '09888774431', 'jakeevs123@gmail.com', '2025-11-07 14:42:17', '2025-11-08 13:30:27'),
(1020, 'Kyler Mark', 'Santos', 'B', '09778651234', 'kylersantos@gmail.com', '2025-11-08 13:37:56', '2025-11-08 13:38:59'),
(1021, 'Hanni', 'Pham', 'L', '09777445321', 'njzforever@gmail.com', '2025-11-08 21:44:55', '2025-11-08 21:44:55'),
(1022, 'Minji', 'Kim', 'N', '09055443123', 'kimminji@gmail.com', '2025-11-08 21:45:47', '2025-11-08 21:45:47'),
(1023, 'Haerin', 'Kang', 'j', '0998845231', 'vanessakang@gmail.com', '2025-11-08 21:47:02', '2025-11-08 21:47:02');

-- --------------------------------------------------------

--
-- Table structure for table `status`
--

CREATE TABLE `status` (
  `stat_id` int(11) NOT NULL,
  `stat_name` varchar(50) NOT NULL,
  `stat_created_at` datetime NOT NULL DEFAULT current_timestamp(),
  `stat_updated_at` datetime DEFAULT current_timestamp() ON UPDATE current_timestamp()
) ENGINE=InnoDB DEFAULT CHARSET=utf8mb4 COLLATE=utf8mb4_general_ci;

--
-- Dumping data for table `status`
--

INSERT INTO `status` (`stat_id`, `stat_name`, `stat_created_at`, `stat_updated_at`) VALUES
(1, 'Scheduled', '2025-10-19 21:59:47', '2025-10-19 21:59:47'),
(2, 'Completed', '2025-10-19 21:59:47', '2025-10-19 21:59:47'),
(3, 'Cancelled', '2025-10-19 21:59:47', '2025-10-19 21:59:47');

-- --------------------------------------------------------

--
-- Table structure for table `user`
--

CREATE TABLE `user` (
  `user_id` int(11) NOT NULL,
  `user_name` varchar(50) NOT NULL,
  `user_password` varchar(255) NOT NULL,
  `user_is_superadmin` tinyint(1) NOT NULL DEFAULT 0,
  `user_last_login` datetime DEFAULT NULL,
  `user_created_at` datetime NOT NULL DEFAULT current_timestamp(),
  `pat_id` int(11) DEFAULT NULL,
  `staff_id` int(11) DEFAULT NULL,
  `doc_id` int(11) DEFAULT NULL
) ENGINE=InnoDB DEFAULT CHARSET=utf8mb4 COLLATE=utf8mb4_general_ci;

--
-- Dumping data for table `user`
--

INSERT INTO `user` (`user_id`, `user_name`, `user_password`, `user_is_superadmin`, `user_last_login`, `user_created_at`, `pat_id`, `staff_id`, `doc_id`) VALUES
(1, 'donita.tumulak', '$2y$10$uPgMjft3dzpheCvSuTPKquIr4/ekZPr8PYp0kNZkJwtnn1zEOdhHy', 1, '2025-11-08 21:55:33', '2025-10-22 19:10:15', NULL, NULL, NULL),
(2, 'fiona.menao', '$2y$10$bbca56ucCzE1mcTTv2oz/.tjyDlseuR.bBHBDsgS01cRdtwGsJDsK', 1, '2025-10-25 16:38:52', '2025-10-22 19:10:16', NULL, NULL, NULL),
(3, 'therese.rosalijos', '$2y$10$9vuGC3gVRAMbuwX5TRgk0.tbCzODjWvKwz5ahV/UnAFrLF8yQ8qpK', 1, '2025-10-25 18:03:38', '2025-10-22 19:10:16', NULL, NULL, NULL),
(4, 'andrea.cruz', '$2y$10$ij6m7I7ol.u12VQPTjMoSuUFqBeNPNKLRFMD4BoVjdtIdcwOAyidS', 0, '2025-11-08 22:09:56', '2025-10-22 20:33:06', 1000, NULL, NULL),
(5, 'miguel.santos', '$2y$10$UTQtyrCeZGq1pRCthHcq.OzvZhn6P2wtiaSKRi49KBlWwwtd.Ir52', 0, '2025-11-07 10:57:49', '2025-10-22 20:33:06', 1001, NULL, NULL),
(6, 'lea.villanueva', '$2y$10$cpvqJqNZe4raBQkSHdMvk.5bxFckRGQQRkiP5WfV5DztrY1bTqoy6', 0, NULL, '2025-10-22 20:33:06', 1002, NULL, NULL),
(7, 'carlos.garcia', '$2y$10$sV4rgvljvnKX9C9T1F002OYFBm5ppcOTH9dudtxQ7WqsYag1GZQHy', 0, NULL, '2025-10-22 20:33:07', 1003, NULL, NULL),
(8, 'beatriz.delapea', '$2y$10$NmPeVV0SCapHyTqLbLXau.aVlkqbKHYp8IABzLtvIVJWusisRqsny', 0, NULL, '2025-10-22 20:33:07', 1004, NULL, NULL),
(9, 'ivan.torres', '$2y$10$zGgRQIooV1WVhc2XEgAIMutgtf0riDmdzxAqPSdVw.T3SetU3qZAS', 0, NULL, '2025-10-22 20:33:08', 1005, NULL, NULL),
(10, 'nina.ocampo', '$2y$10$tpyMCAYbnsOUlAY0HTTOn.LNAaCmhQ8ruPmicXBOtmMlCa0tdVN4e', 0, NULL, '2025-10-22 20:33:08', 1006, NULL, NULL),
(11, 'rafael.domingo', '$2y$10$CXfw13V5mW6u1WzJLfaRTOMxSOHNi99exlJfEgj0zqol49FZicHBu', 0, NULL, '2025-10-22 20:33:08', 1007, NULL, NULL),
(12, 'faith.mendoza', '$2y$10$YZ1F3RWWslLS3arZCsipBu9oBFAWQ9iek.fiwC5cyZ.el79Z.p/hy', 0, NULL, '2025-10-22 20:33:08', 1008, NULL, NULL),
(13, 'joshua.reyes', '$2y$10$EZgJznBmWhHBdo32jAcaROPEolCxrFyV77zpEVFPKK8NY876JQXyG', 0, NULL, '2025-10-22 20:33:09', 1009, NULL, NULL),
(14, 'clarisse.navarro', '$2y$10$la/F923bPG4XDizsLnxsQeaT5dyjJTjyf0v60L1QvxUoi4jPr9q7m', 0, '2025-10-28 21:35:35', '2025-10-22 20:33:09', 1010, NULL, NULL),
(15, 'ethan.tan', '$2y$10$OuS21XgREVIEK6kZLvYAEOtxlELjl6pEvnDIQhIWKopOckAiQq0Ea', 0, NULL, '2025-10-22 20:33:09', 1011, NULL, NULL),
(16, 'sofia.aquino', '$2y$10$GNRnmZzVwdYHA8d9L1N.6efbxmc3GqhYp.jUhcaklhYNS9cBvpPDq', 0, NULL, '2025-10-22 20:33:09', 1012, NULL, NULL),
(17, 'lorenzo.rivera', '$2y$10$RrNpPH6LsnBjk.RFFG.sxOTrm813zXugLzaYkpM/wxKkcRse84OGm', 0, NULL, '2025-10-22 20:33:09', 1013, NULL, NULL),
(18, 'jasmine.gonzales', '$2y$10$zyPVJgN.u540eZt9Y8FTeekbh7iZDY3PA/xpJJQBMWhajbcuyaYN2', 0, NULL, '2025-10-22 20:33:09', 1014, NULL, NULL),
(19, 'noah.castillo', '$2y$10$hQP/37vjc58.eXpccPRfkOi7YPm.h1EHjVrOvb4M9sWKU7ErmQPoK', 0, NULL, '2025-10-22 20:33:10', 1015, NULL, NULL),
(20, 'erica.lim', '$2y$10$w03NYjk/XqucPzHSPvyyNu11rCawaO/iaYDbWZ1CjLw0P.R39xVPu', 0, NULL, '2025-10-22 20:33:10', 1016, NULL, NULL),
(21, 'nathaniel.co', '$2y$10$w2d20OaPs1LnU6Ofcn5rhOb71tu1uFnluChFlWfn10rkKlhZhJdwq', 0, NULL, '2025-10-22 20:33:10', 1017, NULL, NULL),
(22, 'patricia.vergara', '$2y$10$/fQVRJap9rc79HZqUU6mU.k9Ch/bgAl609d98wdJAgBs/nsaPWnfO', 0, NULL, '2025-10-22 20:33:11', 1018, NULL, NULL),
(23, 'adrian.bautista', '$2y$10$CX1nZ2KVBysHfX4i6WtFUe/Fe/AFrQKJOf3mqXjgV5u6Qi9gwg9hG', 0, NULL, '2025-10-22 20:33:11', 1019, NULL, NULL),
(24, 'hannah.delossantos', '$2y$10$39S718VC5HtsidE7PxfHTOyhWKmkttkgSoFTypth2sDF57gE2AIUi', 0, NULL, '2025-10-22 20:33:11', 1020, NULL, NULL),
(25, 'marco.torralba', '$2y$10$AeQZByCkxgMFUut.0JLOKOAko46/lJJwpRAZqg9/113Jn5nr.oa.C', 0, NULL, '2025-10-22 20:33:12', 1021, NULL, NULL),
(26, 'gwen.lapuz', '$2y$10$bCkgbU7OPG.Avk8jkKd36uSXzJBKZqxO.fsDw5j3e.w9uaV/bnGYS', 0, NULL, '2025-10-22 20:33:12', 1022, NULL, NULL),
(27, 'andre.fernandez', '$2y$10$j0/3ltr0.Dby.iuXniI8F.w4qy6yoTP3maaT4uhefS6Nf1B.xpDBe', 0, NULL, '2025-10-22 20:33:12', 1023, NULL, NULL),
(28, 'trixie.aguilar', '$2y$10$4B/vSIykuC7/ywh0av0hxO7V5wxbYGE/QyXViAKhd/yMzhj38qJRG', 0, NULL, '2025-10-22 20:33:12', 1024, NULL, NULL),
(29, 'kevin.ramos', '$2y$10$S4b7mCCSkhkanf/MOQQfmOLey9GqmA1wzzbp5uph82j.KxkNmFhFi', 0, NULL, '2025-10-22 20:33:13', 1025, NULL, NULL),
(30, 'charlene.villarin', '$2y$10$WB6MbwQuoecmZbaDw20KXuVEom7e3PLMkFzJU0AVyBgp0Y8Pz7bdu', 0, NULL, '2025-10-22 20:33:13', 1026, NULL, NULL),
(31, 'allan.chavez', '$2y$10$5um3FKvQvcEJP.rjctuts.YREi3Q9tPV2Jy9doo.tNd15Jjp2rgpG', 0, NULL, '2025-10-22 20:33:13', 1027, NULL, NULL),
(32, 'rina.salazar', '$2y$10$UZM0LYnTtbZvlLvG4qzAw.ajqWi82dE2xmohxEZvvRXTI5uMruz4S', 0, NULL, '2025-10-22 20:33:13', 1028, NULL, NULL),
(33, 'julian.delmundo', '$2y$10$z3iQR7nCBhMnFgDlSAe6futbDHtHnytTHsc4gN8ci9igd7VAiBspO', 0, NULL, '2025-10-22 20:33:14', 1029, NULL, NULL),
(34, 'maria.santos', '$2y$10$DlJK3ZHYijV8.my1H5VZPuqJvsFLqwgbU/H38MpYQIfm5WPXUyv9W', 0, '2025-11-07 16:51:45', '2025-10-22 20:33:14', NULL, NULL, 1000),
(35, 'jose.reyes', '$2y$10$BER39JnlLUO4fBLiIPO5PuTeejme1FR5V3UkxNofCIVO4cFZrwVYC', 0, '2025-11-08 22:13:38', '2025-10-22 20:33:14', NULL, NULL, 1001),
(36, 'angela.delacruz', '$2y$10$Of3mqUZzEGfIsbaq7E8QquHCJKtWkka8G3KY0zJbkkkkfTJ/Tz01.', 0, NULL, '2025-10-22 20:33:15', NULL, NULL, 1002),
(37, 'ramon.villanueva', '$2y$10$7B4f6llZlnyHUmU2TE6gnO1S/xUJDTNdq2pHbRBGPQgeto4k3EEu6', 0, NULL, '2025-10-22 20:33:15', NULL, NULL, 1003),
(38, 'patricia.lopez', '$2y$10$pdvtu4zJ9znubCFfEvTtLOVYFI5wKsrQCwUfwApVGuhBmI9cHkwiO', 0, '2025-11-07 23:03:41', '2025-10-22 20:33:15', NULL, NULL, 1004),
(39, 'luis.gonzales', '$2y$10$pBF2uPhrBG7VY7Mp8aqr.uSwkTKcBDCu0joc.3ndI0s5m0EsvLIxm', 0, NULL, '2025-10-22 20:33:15', NULL, NULL, 1005),
(40, 'claudine.tan', '$2y$10$UvvGeDz5//89GMg8HvcTC.LESGL422cWxLlNzHD7y31hJ1fFVBOT.', 0, NULL, '2025-10-22 20:33:16', NULL, NULL, 1006),
(41, 'michael.chua', '$2y$10$GWPG6s77Fr.aawmUpPj5T.NziK9RgQx8Sk8MVJO9pOO.HZPwK5oBu', 0, NULL, '2025-10-22 20:33:16', NULL, NULL, 1007),
(42, 'rica.castro', '$2y$10$IHe54wU4EoQM8ZAJTzvAU.d7XergSfuiLZpEE1jGVagbNv5G6rwoq', 0, NULL, '2025-10-22 20:33:16', NULL, NULL, 1008),
(43, 'victor.ramos', '$2y$10$8n65nN5iMRUGiw2bgkLveeXUEMOoBiNQyVuGFrEUM/ScrKcphErVO', 0, NULL, '2025-10-22 20:33:16', NULL, NULL, 1009),
(44, 'samantha.torres', '$2y$10$Mcay2xSAqs.2Yq3NoGzxdefi09k/GnlaNlrcpnihANO8dQSkc3Uz6', 0, NULL, '2025-10-22 20:33:17', NULL, NULL, 1010),
(45, 'ernesto.cabrera', '$2y$10$1IrLZUHsRCaV6uQfP.3GxeH9oCPfnICGQOxpwAL4xOW6SyNJ/8jFm', 0, NULL, '2025-10-22 20:33:17', NULL, NULL, 1011),
(46, 'danica.gutierrez', '$2y$10$W24.vTrGHZkxcHcIEPIeF.LFivTdi3UM0igQt/CjdZWsIF67El2FO', 0, NULL, '2025-10-22 20:33:17', NULL, NULL, 1012),
(47, 'nathan.co', '$2y$10$os/Pc4/tJNE4At2mQxSN6eLrkEb8T.YBK9tjSy73NQZlPt.CH2FOK', 0, NULL, '2025-10-22 20:33:17', NULL, NULL, 1013),
(48, 'isabel.lim', '$2y$10$FN2RHN3eu1jJM.GRBL0bhuxLctPyK61Ik2Sp/PXYm91L6EazMaFnq', 0, NULL, '2025-10-22 20:33:17', NULL, NULL, 1014),
(49, 'christian.rivera', '$2y$10$jRxj6WtWEKNxtbMrP1mrQ.l9igC81wE1lk1Xau8WKN69xRvUTbh0q', 0, NULL, '2025-10-22 20:33:18', NULL, NULL, 1015),
(50, 'jasmine.diaz', '$2y$10$05byt0J70RHmnI5oe1BObu3rq.qj1.f3MugaiMyup8OAMa4BXPDbi', 0, NULL, '2025-10-22 20:33:18', NULL, NULL, 1016),
(51, 'rafael.domingo1', '$2y$10$W2NfUuudjNfiyalH4crDoeyMKz.lOpQjFfjKddy79aLU0HrHWMRDm', 0, NULL, '2025-10-22 20:33:18', NULL, NULL, 1017),
(52, 'theresa.manalo', '$2y$10$TRPt9qNi.4o9KWn/kBp.dO1P7kcH8UgIEJMPMxNBcF81XNb6XcnOu', 0, NULL, '2025-10-22 20:33:18', NULL, NULL, 1018),
(53, 'gabriel.fernandez', '$2y$10$RcIHA.ml0jMlB66Zrpmvyu2krlK.ltqvm41b9CiezwLBNeknpZ6Bm', 0, NULL, '2025-10-22 20:33:19', NULL, NULL, 1019),
(54, 'jo.smith', '$2y$10$XVi9nWufz9Bn5dK9VKceqeVt08yFMT47u04xFH4EF/1ZQFD.tMJdS', 0, NULL, '2025-10-22 20:33:19', NULL, NULL, 1020),
(55, 'althea.navarro', '$2y$10$nhFW/VoGvHdNTJe9tX.47u.MGV3kqI0W8z0WqxsBkgAG2dB0JjYba', 0, '2025-10-28 21:37:07', '2025-10-22 20:33:19', NULL, 1000, NULL),
(56, 'mark.santiago', '$2y$10$cU/4R7Ac7fKT9K0uvJRv1OYd3qcn7S3aIZC.PwtBnDNWSViJNDWYW', 0, NULL, '2025-10-22 20:33:20', NULL, 1001, NULL),
(57, 'janelle.bautista', '$2y$10$6K.zv.Zpw81wS0Tgo.nVW.3CkqdsvMnWVg829rv6EkGbgo.uYPDym', 0, NULL, '2025-10-22 20:33:20', NULL, 1002, NULL),
(58, 'paolo.ramos', '$2y$10$GK0LtdhMYOd7qeHwtsQwyurUd092OCK8/CsQMtWm1yo5.Skg5muYu', 0, NULL, '2025-10-22 20:33:20', NULL, 1003, NULL),
(59, 'christine.delrosario', '$2y$10$m8jxzAXcWEuKIXPw0/Fwru.Q5X6zIoJpDeLNUIFGlkClot6loC4aW', 0, NULL, '2025-10-22 20:33:21', NULL, 1004, NULL),
(60, 'leo.mendoza', '$2y$10$nqz/wIl2lVbl8CDgHpy2r.dC7oz7ROtPzUEiggwAQNRcSmrsCXySu', 0, NULL, '2025-10-22 20:33:21', NULL, 1005, NULL),
(61, 'hannah.garcia', '$2y$10$hU2WEt0ddv49zjGrGw/17ORvsm831Vc7xpFGX0HvnwBi8SGWtTzby', 0, NULL, '2025-10-22 20:33:21', NULL, 1006, NULL),
(62, 'francis.aguilar', '$2y$10$d3HEeCX3mQ2i6Mru9OB9v.1C0xwnracZfOF5VSoGdUYdTY/Z8SxRK', 0, NULL, '2025-10-22 20:33:21', NULL, 1007, NULL),
(63, 'bea.castillo', '$2y$10$XHGwPUv/45oO/OJpOTQKpOkaLUZtD7JqBKI6i/58ePCTEXFd9211S', 0, NULL, '2025-10-22 20:33:22', NULL, 1008, NULL),
(64, 'joshua.vergara', '$2y$10$jT3KBpLktjRyePslkp9gMe5Q7NtEQD2JgjMpKJMGyi.Dgw.5x/xNS', 0, NULL, '2025-10-22 20:33:22', NULL, 1009, NULL),
(65, 'renee.torralba', '$2y$10$dBrRrJ90nIawK.9P0k1lLuBdRct2Hh3R2CTuZqx8ptrtxjEVixXRu', 0, NULL, '2025-10-22 20:33:22', NULL, 1010, NULL),
(66, 'nathaniel.aquino', '$2y$10$b74AYqcpdsyjYK2L4mR7R.eekyGbKZ3bcgIS3ALbWDtuIO8QygUFO', 0, NULL, '2025-10-22 20:33:23', NULL, 1011, NULL),
(67, 'eunice.villarin', '$2y$10$AE7b7g2RkI.5FwrGy8wFZeb.NpAqkTWg2p9/8w.88u0ONFU6c/tMa', 0, NULL, '2025-10-22 20:33:23', NULL, 1012, NULL),
(68, 'patrick.ocampo', '$2y$10$XdNpqwPHMrFuHxo36NWAP.XfMupeFhpAymppG2kHw0LbhcUPevHTu', 0, '2025-10-25 20:57:44', '2025-10-22 20:33:23', NULL, 1013, NULL),
(69, 'lara.domingo', '$2y$10$wcTtlxaIACnEwYwOD8e1ceHHTR8cLdfrU1BrO.DVoa/LdMuaLJ1uG', 0, '2025-11-08 22:11:33', '2025-10-22 20:33:23', NULL, 1014, NULL),
(71, 'josephine.march', '$2y$10$ZumZtwJpSgMa2v836z0WTewGYGUim/t7IQRsnCvKOlCKdah3Vt8cK', 0, NULL, '2025-10-25 11:51:11', NULL, NULL, NULL),
(72, 'mat.doe', '$2y$10$BjtwE/YV29KCms2txttONelv/g/OMtvWEYLt.XFG5xaAI4R0sFM6S', 0, NULL, '2025-10-25 12:20:04', NULL, NULL, NULL),
(73, 'jax.yu', '$2y$10$vTgWx.a5/jVNEzJHRu32ru4dabqnikKaIIQWsvfhEtsMYbxPRwkSW', 0, NULL, '2025-10-25 12:33:52', NULL, NULL, NULL),
(74, 'inigo_borromeo', '$2y$10$7elTzNiHFChDqkF1.NYDQeoJB7UFo67dHYXZt2mVdDq2iZhaK8vmC', 0, '2025-10-28 17:22:32', '2025-10-28 17:22:04', 1031, NULL, NULL),
(75, 'vito_sar', '$2y$10$t7LJV7t7YvzJXd1izp8pCuWNA52BtDJhMV2JSqxpnKEwB2K0gGW4q', 0, NULL, '2025-10-28 17:26:07', 1032, NULL, NULL),
(76, 'niko_lai', '$2y$10$TMk.ex1oxGxWSw3bL6R74OP1RXZrVvsrxuTx0dv9azO1hSdacFn2a', 0, NULL, '2025-10-28 17:31:57', 1033, NULL, NULL),
(77, 'sol_leil', '$2y$10$GJ7utyZ9uixr4CYducyjkOgosiDEseBCjMQdIKzVhEJMOFBZ7IhDG', 0, NULL, '2025-10-28 17:34:24', 1034, NULL, NULL),
(78, 'assia_sar', '$2y$10$E/QmKDPDxlp92n30xCYCVeskcDtR.ScyskF/HGD5cr8YK.nYqfrAm', 0, NULL, '2025-10-28 17:39:14', 1035, NULL, NULL),
(79, 'sara_tum', '$2y$10$CKwK.nokAC.QdmHy.245.ODIsN0pRlF4MIa5ArpCDFZsaHBYbl5Ny', 0, '2025-10-28 17:54:58', '2025-10-28 17:48:51', 1036, NULL, NULL),
(82, 'moon.shin', '$2y$10$RlxLDfI3Door5lf/AFKAmufGx25Evcqqc9tjSViEiFAPez.rt1HGG', 0, NULL, '2025-11-06 18:21:06', NULL, NULL, NULL),
(83, 'raica.tavz', '$2y$10$pRnORB8BY9amGCsj/7QPAOIqIZl9iq9BbFZFsFNxWwevYlFBkogyq', 0, NULL, '2025-11-06 18:44:55', NULL, NULL, 1024),
(84, 'caesaralex_sergvs', '$2y$10$kq.mQuDVG4BkwFrCFedYZuI0.WtEH0lfIU58iAzR88DthrUxEZ89q', 0, '2025-11-07 12:25:32', '2025-11-07 12:20:58', 1037, NULL, NULL),
(85, 'dooshikparks', '$2y$10$rBtZZfoWaq3/crN/j4oyIOe0KpsIwKqW6aPRmjhLMb8QYnN/lyjl6', 0, '2025-11-07 12:34:07', '2025-11-07 12:33:51', 1040, NULL, NULL),
(86, 'jjangchu', '$2y$10$RvCm9sIstiX/HItnkqNhrulDJ2BW/9CK9S5zdR5eLBvoYV1TfInA2', 0, NULL, '2025-11-07 12:40:20', 1041, NULL, NULL),
(87, 'sangwoo_1001', '$2y$10$mDhABxmovDv18gYBRZ3ws.tzoBz9ZJwyo2266JHsfLxY6GiGJzCIu', 0, '2025-11-07 12:42:20', '2025-11-07 12:42:09', 1042, NULL, NULL),
(88, 'eunsannamm', '$2y$10$f.Lpwjh/BkCmNvtAYnmeDeH6hiMcMUKEo/HwiPdDX9qEO2sea54ce', 0, NULL, '2025-11-07 14:26:57', NULL, NULL, 1025),
(89, 'jekjek', '$2y$10$sHaWJLC47RzUFuZ9PRosx.ChVbmWyyGCnP2YaAlQ8QqLv/1.8bk5G', 0, NULL, '2025-11-07 14:42:37', NULL, 1019, NULL),
(91, 'willysssmith', '$2y$10$PCquccWWZXe0.QCPnuj7FOYaGquYAYnXCi7horlufwt9vTxwIVYIK', 0, NULL, '2025-11-07 14:53:29', 1045, NULL, NULL),
(92, 'kylersan', '$2y$10$YLMrsiGOm25n93CagySeK.mg9znFE.7i9zeDnoK9nQOjDCkEsxuDe', 0, NULL, '2025-11-08 13:38:27', NULL, 1020, NULL),
(93, 'hannah_montana', '$2y$10$QwrvJ.TZWbYTdssiovcbRe4ROOAMmAJfeCKDQCOP8OhurJuHgcCwC', 0, NULL, '2025-11-08 14:12:23', NULL, NULL, 1026),
(94, 'taytayflor', '$2y$10$pg046Uba2cTYSQB80tYjHO.2wH0k0BnxqS9CFF6z3zotfOWahGp.K', 0, NULL, '2025-11-08 14:13:26', NULL, NULL, 1027),
(95, 'shotani', '$2y$10$/mb8ig3YDjyJ4O3TUvJu2.xDbp3D/rE2errwpz54aLWr2g..q34YW', 0, NULL, '2025-11-08 14:14:59', 1046, NULL, NULL),
(96, 'yoshinuboyama', '$2y$10$UvKQZvQa0z.Oc48EfOkC3OcHxvkm3.WgqarCPY4RXc.w4WxN2438m', 0, NULL, '2025-11-08 14:16:06', 1047, NULL, NULL),
(97, 'freedmannn', '$2y$10$CbCacwJs16sH6jdnbjVmaO4j4SZQLzU8J5umb9fiVq0E3ORwlmmRu', 0, NULL, '2025-11-08 14:17:16', 1048, NULL, NULL),
(98, 'rokigoated', '$2y$10$9.Hupf56CQPAydg8xOcvcuXO8qTOnW98SqOUKhrkU31w8CK4nCFRa', 0, '2025-11-08 14:18:43', '2025-11-08 14:18:30', 1049, NULL, NULL),
(99, 'hanninjz', '$2y$10$6IE84n89XSUoxTNIm5uo9uQ3Qv4wfIQ4uz.VJgK0t75.G/ELiRyne', 0, NULL, '2025-11-08 21:45:15', NULL, 1021, NULL),
(100, 'minjinjz', '$2y$10$vK0kNZjPilSxq.oQYqaHy.2ds0rkuS66ecNe1OzjZ.uwfK.PnXO3e', 0, NULL, '2025-11-08 21:46:02', NULL, 1022, NULL),
(101, 'vanesssanjz', '$2y$10$P3T04VlQnnWujdUVxxzol.pxl4PA7178eRjWCAzjzBvgGsqObylPq', 0, NULL, '2025-11-08 21:47:15', NULL, 1023, NULL);

--
-- Indexes for dumped tables
--

--
-- Indexes for table `appointment`
--
ALTER TABLE `appointment`
  ADD PRIMARY KEY (`appt_id`),
  ADD KEY `serv_id` (`serv_id`),
  ADD KEY `stat_id` (`stat_id`),
  ADD KEY `pat_id` (`pat_id`),
  ADD KEY `doc_id` (`doc_id`);

--
-- Indexes for table `doctor`
--
ALTER TABLE `doctor`
  ADD PRIMARY KEY (`doc_id`),
  ADD UNIQUE KEY `doc_contact_num` (`doc_contact_num`),
  ADD UNIQUE KEY `doc_email` (`doc_email`),
  ADD KEY `spec_id` (`spec_id`);

--
-- Indexes for table `medical_record`
--
ALTER TABLE `medical_record`
  ADD PRIMARY KEY (`med_rec_id`),
  ADD KEY `appt_id` (`appt_id`);

--
-- Indexes for table `patient`
--
ALTER TABLE `patient`
  ADD PRIMARY KEY (`pat_id`),
  ADD UNIQUE KEY `pat_contact_num` (`pat_contact_num`),
  ADD UNIQUE KEY `pat_email` (`pat_email`);

--
-- Indexes for table `payment`
--
ALTER TABLE `payment`
  ADD PRIMARY KEY (`pymt_id`),
  ADD KEY `pymt_meth_id` (`pymt_meth_id`),
  ADD KEY `pymt_stat_id` (`pymt_stat_id`),
  ADD KEY `appt_id` (`appt_id`);

--
-- Indexes for table `payment_method`
--
ALTER TABLE `payment_method`
  ADD PRIMARY KEY (`pymt_meth_id`);

--
-- Indexes for table `payment_status`
--
ALTER TABLE `payment_status`
  ADD PRIMARY KEY (`pymt_stat_id`);

--
-- Indexes for table `schedule`
--
ALTER TABLE `schedule`
  ADD PRIMARY KEY (`sched_id`),
  ADD KEY `doc_id` (`doc_id`);

--
-- Indexes for table `service`
--
ALTER TABLE `service`
  ADD PRIMARY KEY (`serv_id`),
  ADD UNIQUE KEY `serv_name` (`serv_name`);

--
-- Indexes for table `specialization`
--
ALTER TABLE `specialization`
  ADD PRIMARY KEY (`spec_id`),
  ADD UNIQUE KEY `spec_name` (`spec_name`);

--
-- Indexes for table `staff`
--
ALTER TABLE `staff`
  ADD PRIMARY KEY (`staff_id`),
  ADD UNIQUE KEY `staff_contact_num` (`staff_contact_num`),
  ADD UNIQUE KEY `staff_email` (`staff_email`);

--
-- Indexes for table `status`
--
ALTER TABLE `status`
  ADD PRIMARY KEY (`stat_id`);

--
-- Indexes for table `user`
--
ALTER TABLE `user`
  ADD PRIMARY KEY (`user_id`),
  ADD UNIQUE KEY `user_name` (`user_name`),
  ADD KEY `pat_id` (`pat_id`),
  ADD KEY `staff_id` (`staff_id`),
  ADD KEY `doc_id` (`doc_id`);

--
-- AUTO_INCREMENT for dumped tables
--

--
-- AUTO_INCREMENT for table `appointment`
--
ALTER TABLE `appointment`
  MODIFY `appt_id` int(11) NOT NULL AUTO_INCREMENT, AUTO_INCREMENT=202;

--
-- AUTO_INCREMENT for table `doctor`
--
ALTER TABLE `doctor`
  MODIFY `doc_id` int(11) NOT NULL AUTO_INCREMENT, AUTO_INCREMENT=1028;

--
-- AUTO_INCREMENT for table `medical_record`
--
ALTER TABLE `medical_record`
  MODIFY `med_rec_id` int(11) NOT NULL AUTO_INCREMENT, AUTO_INCREMENT=207;

--
-- AUTO_INCREMENT for table `patient`
--
ALTER TABLE `patient`
  MODIFY `pat_id` int(11) NOT NULL AUTO_INCREMENT, AUTO_INCREMENT=1050;

--
-- AUTO_INCREMENT for table `payment`
--
ALTER TABLE `payment`
  MODIFY `pymt_id` int(11) NOT NULL AUTO_INCREMENT, AUTO_INCREMENT=204;

--
-- AUTO_INCREMENT for table `payment_method`
--
ALTER TABLE `payment_method`
  MODIFY `pymt_meth_id` int(11) NOT NULL AUTO_INCREMENT, AUTO_INCREMENT=8;

--
-- AUTO_INCREMENT for table `payment_status`
--
ALTER TABLE `payment_status`
  MODIFY `pymt_stat_id` int(11) NOT NULL AUTO_INCREMENT, AUTO_INCREMENT=6;

--
-- AUTO_INCREMENT for table `schedule`
--
ALTER TABLE `schedule`
  MODIFY `sched_id` int(11) NOT NULL AUTO_INCREMENT, AUTO_INCREMENT=80;

--
-- AUTO_INCREMENT for table `service`
--
ALTER TABLE `service`
  MODIFY `serv_id` int(11) NOT NULL AUTO_INCREMENT, AUTO_INCREMENT=28;

--
-- AUTO_INCREMENT for table `specialization`
--
ALTER TABLE `specialization`
  MODIFY `spec_id` int(11) NOT NULL AUTO_INCREMENT, AUTO_INCREMENT=20;

--
-- AUTO_INCREMENT for table `staff`
--
ALTER TABLE `staff`
  MODIFY `staff_id` int(11) NOT NULL AUTO_INCREMENT, AUTO_INCREMENT=1024;

--
-- AUTO_INCREMENT for table `status`
--
ALTER TABLE `status`
  MODIFY `stat_id` int(11) NOT NULL AUTO_INCREMENT, AUTO_INCREMENT=7;

--
-- AUTO_INCREMENT for table `user`
--
ALTER TABLE `user`
  MODIFY `user_id` int(11) NOT NULL AUTO_INCREMENT, AUTO_INCREMENT=102;

--
-- Constraints for dumped tables
--

--
-- Constraints for table `appointment`
--
ALTER TABLE `appointment`
  ADD CONSTRAINT `appointment_ibfk_3` FOREIGN KEY (`serv_id`) REFERENCES `service` (`serv_id`) ON DELETE SET NULL ON UPDATE CASCADE,
  ADD CONSTRAINT `appointment_ibfk_4` FOREIGN KEY (`stat_id`) REFERENCES `status` (`stat_id`) ON DELETE SET NULL ON UPDATE CASCADE,
  ADD CONSTRAINT `appointment_ibfk_5` FOREIGN KEY (`pat_id`) REFERENCES `patient` (`pat_id`) ON DELETE SET NULL ON UPDATE CASCADE,
  ADD CONSTRAINT `appointment_ibfk_6` FOREIGN KEY (`doc_id`) REFERENCES `doctor` (`doc_id`) ON DELETE SET NULL ON UPDATE CASCADE;

--
-- Constraints for table `doctor`
--
ALTER TABLE `doctor`
  ADD CONSTRAINT `doctor_ibfk_1` FOREIGN KEY (`spec_id`) REFERENCES `specialization` (`spec_id`) ON DELETE SET NULL ON UPDATE CASCADE;

--
-- Constraints for table `medical_record`
--
ALTER TABLE `medical_record`
  ADD CONSTRAINT `medical_record_ibfk_1` FOREIGN KEY (`appt_id`) REFERENCES `appointment` (`appt_id`) ON DELETE CASCADE ON UPDATE CASCADE;

--
-- Constraints for table `payment`
--
ALTER TABLE `payment`
  ADD CONSTRAINT `payment_ibfk_1` FOREIGN KEY (`pymt_meth_id`) REFERENCES `payment_method` (`pymt_meth_id`) ON DELETE SET NULL ON UPDATE CASCADE,
  ADD CONSTRAINT `payment_ibfk_2` FOREIGN KEY (`pymt_stat_id`) REFERENCES `payment_status` (`pymt_stat_id`) ON DELETE SET NULL ON UPDATE CASCADE,
  ADD CONSTRAINT `payment_ibfk_3` FOREIGN KEY (`appt_id`) REFERENCES `appointment` (`appt_id`) ON DELETE CASCADE ON UPDATE CASCADE;

--
-- Constraints for table `schedule`
--
ALTER TABLE `schedule`
  ADD CONSTRAINT `schedule_ibfk_1` FOREIGN KEY (`doc_id`) REFERENCES `doctor` (`doc_id`) ON DELETE CASCADE ON UPDATE CASCADE;

--
-- Constraints for table `user`
--
ALTER TABLE `user`
  ADD CONSTRAINT `user_ibfk_1` FOREIGN KEY (`pat_id`) REFERENCES `patient` (`pat_id`) ON DELETE SET NULL ON UPDATE CASCADE,
  ADD CONSTRAINT `user_ibfk_2` FOREIGN KEY (`staff_id`) REFERENCES `staff` (`staff_id`) ON DELETE SET NULL ON UPDATE CASCADE,
  ADD CONSTRAINT `user_ibfk_3` FOREIGN KEY (`doc_id`) REFERENCES `doctor` (`doc_id`) ON DELETE SET NULL ON UPDATE CASCADE;
COMMIT;

/*!40101 SET CHARACTER_SET_CLIENT=@OLD_CHARACTER_SET_CLIENT */;
/*!40101 SET CHARACTER_SET_RESULTS=@OLD_CHARACTER_SET_RESULTS */;
/*!40101 SET COLLATION_CONNECTION=@OLD_COLLATION_CONNECTION */;
